Site Name,Site,HR_age,Compost,Crops,Cover_Crop,Fallow,Soil_Type,Treatment,Location,Upper_Depth,Lower_Depth,Length,soil,sand,silt,clay,silt_clay,BD,pH,per_N,per_C,N_Mg_ha,C_Mg_ha,CN_ratio,log_N,log_C,profileC,POXc,EOC,EON,MBC,MBN,MB_CN_ratio,glucam,glucos,cell, GWC,Infiltration_Dry,Infiltration_Wet,SH_15,SSH_30,Macroagg,Microagg,Total_Agg
Muller Y,1,20,0,tomato,0,0,1,H,1,0,10,10,Yolo,14.25,59,26.75,85.75,1.115572053,6.2,0.185752894,2.11160227,2.072207373,23.55644479,11.3678028,0.316433215,1.372109746,91.09400586,988.83,25.6,23.4,87.68477612,27.92650083,3.139841137,0.355376713,1.970133262,0.193758573,0.143465909,17.81,16.68,60,140,14.6,29.1,43.7
Muller Y,1,20,0,tomato,0,0,1,H,2,0,10,10,Yolo,11,62,27,89,1.115572053,6.49,0.27743271,3.146179589,3.09496178,35.09790023,11.34033398,0.49065529,1.545281135,115.1927447,877.29,53.7,22.2,135.4478116,33.68534955,4.020970938,0.447086183,1.857301781,0.423984652,0.101092896,14.34,24.4,20,85,60.9,14.9,75.8
Muller Y,1,20,0,tomato,0,0,1,H,3,0,10,10,Yolo,12.25,59,28.75,87.75,1.115572053,6.25,0.215261282,2.160437154,2.4013947,24.10123311,10.03634809,0.380463548,1.382039263,143.9518679,817.97,32.7,36.4,55.04492688,7.902458867,6.965544244,0.612004057,2.782390046,0.835150684,0.192023634,13.99,40.35,50,100,65.5,14.4,79.9
Muller Y,1,20,4,tomato,0,6,1,R,1,0,10,10,Yolo,16,58,26,84,1.381132742,6.6,0.108659649,1.153345421,1.500733996,15.92923124,10.6142936,0.176303721,1.202194817,70.26019725,632.87,25.0,16.6,67.6953989,18.49451169,3.660296634,0.14189603,0.388168578,0.090936088,0.052151239,NA,198.57,50,150,32.3,29.2,61.5
Muller Y,1,20,4,tomato,0,6,1,R,2,0,10,10,Yolo,14.75,59,26.25,85.25,1.381132742,6.65,0.099473845,0.892568037,1.373865839,12.3275494,8.972891712,0.137944325,1.090876752,61.12316097,602.02,35.2,27.6,58.63127536,18.33142029,3.198403312,0.182413857,0.656825021,0.098465399,0.077540107,NA,178.32,20,100,26.2,25.8,52
Muller Y,1,20,4,tomato,0,6,1,R,3,0,10,10,Yolo,16,59,25,84,1.381132742,6.61,0.081780069,0.770745888,1.129491312,10.64502381,9.424617702,0.052882895,1.027146637,60.98778504,635.25,53.9,27.0,110.5410204,27.6467602,3.998335414,0.153649109,1.18913268,0.151404269,0.130820399,NA,181.58,10,80,35.9,31,66.9
Hrdy Y,2,23,0,wheat,0,0,1,H,1,0,10,10,Yolo,22.25,55.25,22.5,82.75,1.450016413,6.52,0.181859468,1.595540382,2.636992131,23.13559741,8.77347988,0.421108834,1.364280718,118.4213823,495.24,30.9,27.0,108.2820913,49.86910256,2.171326248,0.164304177,1.702292648,0.423871666,0.132127956,10.34,22.71,30,110,31,34.3,65.3
Hrdy Y,2,23,0,wheat,0,0,1,H,2,0,10,10,Yolo,19,54,27,84,1.450016413,7.06,0.141039628,1.398902955,2.045097758,20.28432245,9.918509945,0.310714073,1.307160506,107.3628824,331.50,31.7,28.9,81.14891539,22.96910769,3.532958984,0.595619476,2.736328042,0.614820488,0.108367627,6.29,10.69,25,90,44.1,24.6,68.7
Hrdy Y,2,23,0,wheat,0,0,1,H,3,0,10,10,Yolo,22.25,56.25,21.5,82.75,1.450016413,7.04,0.145838026,1.348671441,2.114675316,19.55595725,9.247735151,0.325243696,1.291279079,110.3165284,710.06,25.3,23.0,77.68298319,22.368,3.472951681,0.335476302,1.138169766,0.429693957,0.148783977,22.11,46.51,50,125,60.5,11.5,72
Hrdy Y,2,23,0,wheat,0,4.5,1,R,1,0,10,10,Yolo,23.5,54.5,22,76.5,1.333737343,6.78,0.092410234,0.886144692,1.232509799,11.81884267,9.58924844,0.090790381,1.072574952,102.6319431,584.14,16.0,10.3,67.52764444,26.46986667,2.551113887,0.309642495,0.764223596,0.138152593,0.092741935,27.93,158.12,20,150,16,29.7,45.7
Hrdy Y,2,23,0,wheat,0,4.5,1,R,2,0,10,10,Yolo,27.25,47.75,25,72.75,1.333737343,6.74,0.097876417,0.960386514,1.305414328,12.80903357,9.812236083,0.115748375,1.107516364,86.55971926,394.06,22.8,13.5,56.56226387,18.39185157,3.075398017,0.29258151,0.732918835,0.131732371,0.094979647,56.41,311.45,20,250,19,32.1,51.1
Hrdy Y,2,23,0,wheat,0,4.5,1,R,3,0,10,10,Yolo,27.25,46.5,26.25,72.75,1.333737343,7.01,0.093501915,0.849359126,1.24706995,11.32821985,9.083868828,0.095890814,1.054161669,89.9727581,617.40,17.0,13.6,78.45567901,26.3567284,2.976685036,0.249052891,0.563039827,0.14791776,0.104972376,21.37,57.32,15,165,24.4,32.3,56.7
YO-1,3,10,0,tomato,0,0,1,H,1,0,10,10,Yolo,12,56.5,31.5,88,1.242355377,7.3,0.252379956,3.014572208,3.135455952,37.45169992,11.94457855,0.496300704,1.573471535,159.6527378,841.70,24.1,22.7,135.4177542,35.47178814,3.817618489,0.493537108,2.544993639,0.32217971,0.158345221,2.63,5.54,10,50,66.8,15.4,82.2
YO-1,3,10,0,tomato,0,0,1,H,2,0,10,10,Yolo,18.5,57.75,23.75,81.5,1.242355377,7.02,0.266854134,2.977803193,3.315276684,36.99489809,11.15891722,0.520519779,1.568141835,162.7826562,1086.12,37.6,22.5,206.4956507,69.68645548,2.963210702,0.500906688,2.963023681,0.35796676,0.163323782,1.81,2.5,0,70,50.2,29.1,79.3
YO-1,3,10,0,tomato,0,0,1,H,3,0,10,10,Yolo,18.5,56.5,25,81.5,1.242355377,7.3,0.245502008,2.484662639,3.050007394,30.8683399,10.12074264,0.484300892,1.489513274,166.3271301,820.34,37.5,34.8,168.7432446,68.32283038,2.469792947,0.428372384,4.683700135,0.605694731,0.225954199,1.93,6.24,25,80,64.1,19.2,83.3
YO-1,3,10,0,tomato,0,7,1,R,1,0,10,10,Yolo,16,57.75,26.25,84,1.190743126,7.1,0.176405124,1.744180509,2.100531886,20.76870952,9.887357417,0.322329278,1.317409512,127.8449751,749.15,17.3,23.2,152.3803599,57.33531129,2.657705287,0.574727779,1.546460624,0.23637785,0.224736048,6.14,49.51,0,75,31.5,44.1,75.6
YO-1,3,10,0,tomato,0,7,1,R,2,0,10,10,Yolo,16,57.75,26.25,84,1.190743126,7.1,0.14410869,1.586581486,1.715964316,18.89210998,11.00961704,0.234508252,1.276280465,119.2648618,870.18,21.0,32.3,127.62,46.19333333,2.762736326,0.540465457,1.320417499,0.268893272,0.25,4.13,50.32,0,60,38.5,26.6,65.1
YO-1,3,10,0,tomato,0,7,1,R,3,0,10,10,Yolo,16,59,25,84,1.190743126,7.1,0.156630752,1.583938647,1.86506991,18.86064056,10.11256493,0.270695115,1.275556438,118.4050727,929.50,16.3,24.3,121.710707,39.46659836,3.083891494,0.471801433,0.522864405,0.233030977,0.243410853,4.07,41.62,15,90,19.4,34.2,53.6
FBF,4,10,0,diverse,0,0,1,H,1,0,10,10,Yolo,18.5,49,32.5,81.5,1.546448501,6.75,0.196701987,2.245705017,3.041894927,34.72867158,11.41678868,0.342415159,1.323510711,125.6849177,NA,NA,NA,NA,NA,NA,NA,NA,NA,NA,8.81,12.77,15,65,31.5,15.6,47.1
FBF,4,10,0,diverse,0,0,1,H,2,0,10,10,Yolo,21,51.5,27.5,79,1.546448501,6.68,0.141848502,1.541128512,2.193614025,23.83275877,10.86460904,0.280909989,1.176742095,80.8711523,NA,NA,NA,NA,NA,NA,NA,NA,NA,NA,9.69,18.81,20,50,57.4,8.1,65.5
FBF,4,10,0,diverse,0,0,1,H,3,0,10,10,Yolo,21,49,30,79,1.546448501,6.72,0.218186662,2.200931297,3.37414436,34.03626905,10.08737784,0.381137102,1.327957123,107.0697086,NA,NA,NA,NA,NA,NA,NA,NA,NA,NA,10.65,20.43,20,75,44.7,9.4,54.1
FBF,4,10,24,diverse,1,2,1,R,1,0,10,10,Yolo,17.25,52.75,30,82.75,1.473777239,6.9,0.229287441,2.464104002,3.379186113,36.31540393,10.74679012,0.465862215,1.462559702,136.7212279,NA,NA,NA,NA,NA,NA,NA,NA,NA,NA,7.14,10.31,5,70,56.3,10.9,67.2
FBF,4,10,24,diverse,1,2,1,R,2,0,10,10,Yolo,16,51.5,32.5,84,1.473777239,6.88,0.226900029,2.460882166,3.344000977,36.26792124,10.84566706,0.511094153,1.550430232,144.0286097,NA,NA,NA,NA,NA,NA,NA,NA,NA,NA,8.75,9.46,0,65,43.9,17.9,61.8
FBF,4,10,24,diverse,1,2,1,R,3,0,10,10,Yolo,16,46.5,37.5,84,1.473777239,6.91,0.232272549,2.581426939,3.423179965,38.04448267,11.11378399,0.513658255,1.529707438,168.8775916,NA,NA,NA,NA,NA,NA,NA,NA,NA,NA,7.31,11.2,5,75,50.2,13.5,63.7
Say Hay,5,19,0,tomato,0,0,1,H,1,0,10,10,Yolo,10,59.5,30.5,90,1.126497993,6.75,0.446615215,4.036673607,5.031111428,45.47304717,9.038370113,0.701663936,1.657754057,140.3636253,798.54,100.0,70.8,214.7315011,156.6173362,1.371058315,0.363694485,2.685468377,0.383526046,0.2609375,11.76,41.58,35,100,11.5,28.7,40.2
Say Hay,5,19,0,tomato,0,0,1,H,2,0,10,10,Yolo,11.25,63.25,25.5,88.75,1.126497993,6.61,0.535449936,5.836810155,6.031832779,65.75154926,10.90075797,0.780449293,1.81790599,224.1774307,1684.82,129.2,68.5,473.9047059,296.1741176,1.600088183,0.729580475,4.092565303,0.630958292,0.234234234,14.48,36.29,20,95,38.4,13.8,52.2
Say Hay,5,19,0,tomato,0,0,1,H,3,0,10,10,Yolo,15,57,28,85,1.126497993,6.83,0.459678412,4.355484051,5.178268086,49.06444042,9.47506765,0.714184531,1.69076685,142.2133853,1283.41,16.2,14.0,124.1468668,78.13642298,1.588847584,0.184477335,2.583569534,0.254557882,0.139325843,8.27,23.31,50,125,30.7,21.6,52.3
Say Hay,5,19,0,tomato,0,7,1,R,1,0,10,10,Yolo,10.75,57.25,32,91.25,1.341060021,6.32,0.173928847,1.135554492,2.332490232,15.22846731,6.52884505,0.367819834,1.182656195,104.5665932,741.30,17.8,42.8,102.7483417,68.33035176,1.50369988,0.085354567,0.954516312,0.115439054,0.14957265,20.63,176.4,10,100,24.8,30.4,55.2
Say Hay,5,19,0,tomato,0,7,1,R,2,0,10,10,Yolo,8.75,62,29.25,91.25,1.341060021,6.56,0.177616789,1.086106841,2.381947749,14.56534464,6.11488839,0.37693223,1.163320765,106.561228,625.13,20.0,75.6,85.93854167,67.68229167,1.269734513,0.122769577,0.683401159,0.107089933,0.165217391,26.77,274.13,5,90,26.4,28.8,55.2
Say Hay,5,19,0,tomato,0,7,1,R,3,0,10,10,Yolo,10.75,60.75,28.5,91.25,1.341060021,6.58,0.184996017,0.908551459,2.480907627,12.18422038,4.911194698,0.394610594,1.085797746,105.788815,629.97,22.7,75.4,104.9608209,47.75995025,2.197674419,0.098433576,0.745522738,0.146947122,0.144680851,48.36,278.36,15,150,23.1,36.1,59.2
Collins,6,9,0,tomato,0,0,1,H,1,0,10,10,Yolo,20,55,25,80,1.43052294,6.89,0.28536299,2.672651164,4.082183036,38.23288801,9.365794642,0.610892474,1.582437105,143.8433801,828.42,44.2,22.5,107.3925513,68.71710901,1.56282115,0.066625693,1.077526388,0.321185162,0.122052705,7.42,23.62,20,100,56.4,24.9,81.3
Collins,6,9,0,tomato,0,0,1,H,2,0,10,10,Yolo,22.5,52.5,25,77.5,1.43052294,6.83,0.226096038,1.622739687,3.234355684,23.21366348,7.17721418,0.509787778,1.365743684,121.6179865,571.89,37.9,29.1,109.3473204,71.86717066,1.521519761,0.123460485,0.826038062,0.167065938,0.089918256,5.54,7.03,25,90,33.1,20.7,53.8
Collins,6,9,0,tomato,0,0,1,H,3,0,10,10,Yolo,24,49,27,76,1.43052294,6.73,0.261945269,2.438072191,3.747187166,34.87718199,9.307563365,0.573705386,1.542541388,128.8882418,688.05,103.0,35.3,95.26431853,72.68851455,1.310582822,0.267959941,2.010652244,0.309345298,0.103021978,5.25,7.49,15,85,47,13.7,60.7
Collins,6,9,0,tomato,0,7,1,R,1,0,10,10,Yolo,22.5,50,27.5,77.5,1.220740853,6.67,0.158379802,1.110773355,1.933406945,13.55966413,7.013352345,0.286323274,1.132248932,105.6570832,170.14,15.4,19.7,83.05120997,54.52604093,1.523147629,0.101152858,0.631750597,0.108715307,0.18195051,198.14,1078.26,50,175,25.4,27.8,53.2
Collins,6,9,0,tomato,0,7,1,R,2,0,10,10,Yolo,21.25,51.25,27.5,78.75,1.220740853,6.58,0.119042974,1.262043087,1.453206213,15.40627555,10.60157561,0.162327246,1.187697661,100.7518659,334.71,14.2,19.4,100.608079,70.24030331,1.432341182,0.160076753,0.814723251,0.177390055,0.198821797,191.38,1349.08,50,190,18,10.3,28.3
Collins,6,9,0,tomato,0,7,1,R,3,0,10,10,Yolo,25,45.25,29.75,75,1.220740853,6.65,0.15146691,1.013928524,1.849018454,12.37743972,6.694059594,0.266941245,1.09263082,113.0532476,286.31,16.6,28.7,138.599129,78.64004032,1.762449872,0.117756187,1.071766411,0.149692137,0.127988748,177.91,926.1,30,200,26.9,20.8,47.7
CLBL,7,13,0,diverse,0,0,2,H,1,0,10,10,Brentwood,25,41.25,33.75,75,1.218847057,6.35,0.176465189,2.013521927,2.150840757,24.54175275,11.41030673,0.332608257,1.389905577,165.5977304,611.51,75.7,41.4,33.11776316,10.46591283,3.164345404,0.168929567,1.33287441,0.269160974,0.142454161,NA,NA,NA,NA,67.4,11.7,79.1
CLBL,7,13,0,diverse,0,0,2,H,2,0,10,10,Brentwood,25,42.5,32.5,75,1.218847057,6.8,0.194490145,2.239552256,2.370537407,27.29671676,11.51499094,0.374846813,1.436110413,177.0086538,841.70,29.4,24.8,175.7836545,65.89182724,2.667761115,0.290519179,3.185108821,0.703595083,0.144886364,NA,NA,NA,NA,44.5,32.3,76.8
CLBL,7,13,0,diverse,0,0,2,H,3,0,10,10,Brentwood,25,40,35,75,1.218847057,6.66,0.211522397,2.671456043,2.578134507,32.56096336,12.62966043,0.411305572,1.512697246,182.0482087,896.28,41.3,25.4,97.40741936,36.08975807,2.699032207,0.377187638,2.766780707,0.586409064,0.126760563,NA,NA,NA,NA,37.2,36.2,73.4
CLBL,7,13,12,diverse,1,2,2,R,1,0,10,10,Brentwood,23,45,32,77,1.14761508,6.7,0.153062694,1.710533864,1.756570556,19.63034457,11.17538063,0.244665599,1.292927923,169.5961995,566.43,41.6,28.9,124.6267742,48.73556876,2.557203647,0.232167548,2.554858722,0.39203793,0.156160459,NA,NA,NA,NA,35.5,53.6,89.1
CLBL,7,13,12,diverse,1,2,2,R,2,0,10,10,Brentwood,23,43.75,33.25,77,1.14761508,6.25,0.175054163,1.826507338,2.008947973,20.96127364,10.43395545,0.30296869,1.321417668,167.8241438,768.13,23.1,16.8,93.14799331,23.22408027,4.010836694,0.179982571,1.630006576,0.218758723,0.145714286,NA,NA,NA,NA,33.2,51.1,84.3
CLBL,7,13,12,diverse,1,2,2,R,3,0,10,10,Brentwood,24,42.5,33.5,76,1.14761508,6.69,0.170405186,1.743341626,1.955595612,20.00685139,10.23056672,0.291279054,1.301178746,161.7472015,723.05,34.3,30.2,137.0667424,51.06442761,2.684192281,0.263763451,1.825861637,0.275595983,0.152639087,NA,NA,NA,NA,38.8,37.7,76.5
Fong East,8,10,0,tomato,0,0,2,H,1,0,10,10,Brentwood,28,43.25,28.75,72,1.104613287,6.43,0.363147415,3.901108052,4.011374595,43.09215788,10.7424916,0.60329322,1.634398242,152.86592,1010.18,36.0,53.3,262.1924324,61.26162162,4.279880707,0.933746566,3.126246137,0.802285045,0.288461539,3.34,7.75,50,100,53.2,23.1,76.3
Fong East,8,10,0,tomato,0,0,2,H,2,0,10,10,Brentwood,26,43.5,30.5,74,1.104613287,6.54,0.268556686,3.427373744,2.96651284,37.85922578,12.76219852,0.472246232,1.578171728,157.5547826,1069.51,64.1,44.0,115.4025,12.10375,9.534441805,0.463843502,2.646900434,0.949329906,0.130434783,2.49,8.17,15,80,66.1,12.1,78.2
Fong East,8,10,0,tomato,0,0,2,H,3,0,10,10,Brentwood,28,40,32,72,1.104613287,6.51,0.315332962,3.007874155,3.483209796,33.22537758,9.538724201,0.541979633,1.521469925,155.2412996,723.05,22.2,14.5,107.1345116,16.36589147,6.546206897,0.169572359,1.852863861,0.52096324,0.114010989,18.71,25.25,30,100,49.8,28.6,78.4
Fong East,8,10,6,tomato,0,2,2,R,1,0,10,10,Brentwood,25.5,43.25,31.25,74.5,1.357977931,6.44,0.13591353,1.375714623,1.845675742,18.68190097,10.12198435,0.266155404,1.271421066,109.2616978,639.99,23.2,12.0,139.2812607,23.71224872,5.873810716,0.179174944,0.946029341,0.206571824,0.157819225,8.76,22.41,5,120,43.3,44.9,88.2
Fong East,8,10,6,tomato,0,2,2,R,2,0,10,10,Brentwood,23.75,43.75,32.5,76.25,1.357977931,6.47,0.135990353,1.421026955,1.846718979,19.29723244,10.44946885,0.266400812,1.285495028,103.6178441,583.04,26.3,12.6,101.2657237,15.2878125,6.623951182,0.289116643,0.954109477,0.233785183,0.142454161,7.57,20.43,0,100,32.4,38.1,70.5
Fong East,8,10,6,tomato,0,2,2,R,3,0,10,10,Brentwood,26,40.75,33.25,74,1.357977931,6.34,0.126400554,1.383598531,1.71649163,18.7889627,10.94614292,0.23464169,1.273902804,133.2874098,637.62,24.8,11.7,117.8021841,18.43790952,6.389129092,0.264564338,1.088364935,0.23493717,0.121917808,6.99,31.28,0,150,43.4,23,66.4
Fong West,9,10,0,tomato,0,0,2,H,1,0,10,10,Brentwood,25.5,43.25,31.25,74.5,1.33156579,6.44,0.231901435,3.068400289,3.087920177,40.85776854,13.23148469,0.489666065,1.611274644,201.9429834,1005.44,35.1,19.6,186.0501935,30.01883871,6.197781178,0.258892604,3.577559023,0.566672443,0.129213483,1.82,7.46,25,75,75.1,8,83.1
Fong West,9,10,0,tomato,0,0,2,H,2,0,10,10,Brentwood,28,40.75,31.25,72,1.33156579,6.5,0.218551202,2.876460958,2.910153046,38.30197007,13.16149683,0.463915829,1.583221113,173.5597337,713.56,37.3,28.8,286.7101507,120.5794326,2.377769944,0.700228237,4.753275971,0.979303966,0.176642336,15.99,17.63,40,100,39.7,29,68.7
Fong West,9,10,0,tomato,0,0,2,H,3,0,10,10,Brentwood,26.75,43.25,30,73.25,1.33156579,6.69,0.217431356,2.628925106,2.895241551,35.00586735,12.09082791,0.461684803,1.544140843,182.3003631,630.50,39.6,31.1,189.4257143,66.20198095,2.861330002,0.448159267,3.586234665,1.072504454,0.214071856,4.4,6.28,15,85,50.4,22.7,73.1
Fong West,9,10,6,tomato,0,2,2,R,1,0,10,10,Brentwood,24.25,43.25,32.5,75.75,1.03792642,6.61,0.156830568,1.564779472,1.627785901,16.24125956,9.977515809,0.211597282,1.210619707,153.5825143,649.48,28.3,31.2,153.4642703,51.8602973,2.959186088,0.282485925,1.227855446,0.204693448,0.185022026,4.02,16.91,0,110,37.2,38.7,75.9
Fong West,9,10,6,tomato,0,2,2,R,2,0,10,10,Brentwood,25.5,40.75,33.75,74.5,1.03792642,6.21,0.170233269,1.665517313,1.766896072,17.28684423,9.783735726,0.247211005,1.237715718,137.8420091,329.12,25.1,39.0,145.9103846,36.51179487,3.996253406,0.278612618,1.151540177,0.251199379,0.195876289,6.79,21.3,10,150,34.5,41.2,75.7
Fong West,9,10,6,tomato,0,2,2,R,3,0,10,10,Brentwood,25.5,42,32.5,74.5,1.03792642,6.51,0.153581058,1.564739738,1.594058374,16.24084714,10.18836412,0.202504221,1.210608679,150.3180676,739.66,25.0,31.2,124.1275,32.36541667,3.83518931,0.265263928,0.651447691,0.220743537,0.167630058,10.52,23.95,0,120,34.9,37.2,72.1
JRR,10,14,0,tomato,0,0,2,H,1,0,10,10,Brentwood,35,37,28,65,1.361513017,6.41,0.261510097,3.124559697,3.560494014,42.54128699,11.9481417,0.55151026,1.628810624,124.8914916,464.39,30.7,42.4,131.9543648,21.26882736,6.204120358,0.434411413,1.648325314,0.198991884,0.132768362,8.55,21.75,30,90,32.9,28.7,61.6
JRR,10,14,0,tomato,0,0,2,H,2,0,10,10,Brentwood,31.25,42,26.75,68.75,1.361513017,6.46,0.223723674,2.444146444,3.046026947,33.27737199,10.92484491,0.483733741,1.522149021,135.5294414,510.48,20.6,14.0,88.17634409,12.65892473,6.965547703,0.233641397,1.540558739,0.215872527,0.105769231,6.84,24,40,95,63,12.7,75.7
JRR,10,14,0,tomato,0,0,2,H,3,0,10,10,Brentwood,32,40.75,27.25,68,1.361513017,6.35,0.247703839,2.857289053,3.372520015,38.90236239,11.53510201,0.527954536,1.589975975,140.7814018,513.48,41.1,24.2,153.6761364,24.89276515,6.17352614,0.441158783,2.564181335,0.764680848,0.097127223,11.69,22.24,30,75,37.3,29.4,66.7
JRR,10,14,4,tomato,0,4.5,2,R,1,0,10,10,Brentwood,32.5,42,25.5,67.5,1.315582153,6.3,0.077829002,0.691928741,1.023904463,9.10289103,8.890371479,0.010259436,0.959179344,90.82052419,549.82,25.1,23.1,113.5456868,21.96727806,5.168855535,0.250654405,0.632857388,0.198046561,0.150782361,6.48,58.5,15,150,38.7,26.8,65.5
JRR,10,14,4,tomato,0,4.5,2,R,2,0,10,10,Brentwood,30,44.5,25.5,70,1.315582153,6.59,0.093457108,0.889607897,1.229505029,11.70352273,9.518889676,0.089730309,1.068316603,77.96835072,581.39,38.2,21.2,105.0870662,17.09148265,6.148504983,0.343773246,0.732337434,0.163561253,0.119444444,10.35,50.82,15,140,38.5,30.2,68.7
JRR,10,14,4,tomato,0,4.5,2,R,3,0,10,10,Brentwood,31.25,40.75,28,68.75,1.315582153,6.5,0.100732354,0.909169478,1.325216877,11.9608714,9.025595432,0.122286958,1.077762821,90.46285109,472.82,29.4,22.2,112.5645296,24.64797909,4.566886769,0.28217301,0.79098932,0.200780685,0.170520231,11.56,53.1,35,145,23.9,40.8,64.7
Muller B,11,16,0,tomato,0,0,2,H,1,0,10,10,Brentwood,25.5,42.75,31.75,74.5,1.421685226,6.92,0.232360595,2.428227214,3.303436253,34.52174756,10.45025389,0.518965931,1.538092772,165.4178326,917.64,20.5,14.2,162.7379698,30.67716443,5.304856978,0.409855871,1.435666332,0.333093159,0.150997151,15.34,35.48,25,80,53.6,24.2,77.8
Muller B,11,16,0,tomato,0,0,2,H,2,0,10,10,Brentwood,20.5,48.5,31,79.5,1.421685226,6.77,0.185816219,2.084410692,2.641721729,29.63375885,11.21759288,0.421887068,1.471786742,181.0276516,886.79,72.8,64.6,308.1005155,53.13101374,5.798882682,1.121581267,5.274824643,2.30261088,0.157742402,12.65,29.13,15,80,67.9,10,77.9
Muller B,11,16,0,tomato,0,0,2,H,3,0,10,10,Brentwood,20.5,47.25,32.25,79.5,1.421685226,6.68,0.182679902,1.974182445,2.59713318,28.06666015,10.8067851,0.414494221,1.448190736,150.7620763,858.31,39.5,37.7,145.6393041,35.33505155,4.121666667,0.254086954,3.737271123,0.793657776,0.150984683,43.76,48.64,5,65,60.7,19.6,80.3
Muller B,11,16,4,tomato,0,6,2,R,1,0,10,10,Brentwood,31.75,33.5,34.75,68.25,1.202333157,6.58,0.14505804,1.367692968,1.744080909,16.44422604,9.428591277,0.241566628,1.216013438,130.792739,739.66,40.5,30.8,129.0518539,30.14258427,4.281379884,0.133072781,1.025676505,0.115490573,0.201793722,110.38,648.06,65,90,48.1,33.9,82
Muller B,11,16,4,tomato,0,6,2,R,2,0,10,10,Brentwood,20.5,46.5,33,79.5,1.202333157,6.58,0.128283936,1.270151459,1.542400293,15.27145214,9.901095199,0.188197099,1.183880335,120.717482,628.13,39.9,33.5,105.5541115,26.96268293,3.914822267,0.08290155,0.721481279,0.106883857,0.170520231,78.77,492.74,65,90,59.3,23.2,82.5
Muller B,11,16,4,tomato,0,6,2,R,3,0,10,10,Brentwood,21.25,45.75,33,78.75,1.202333157,6.65,0.129135638,1.290533088,1.552640592,15.51650722,9.993624605,0.191070936,1.190793968,111.4176109,575.92,84.2,29.6,5.138669439,38.84033264,0.132302405,0.127104254,0.577465598,0.06773844,0.250778816,87.6,665.45,60,110,35.8,43.6,79.4
Hrdy B,12,23,0,wheat,0,0,2,H,1,0,10,10,Brentwood,20,48.75,31.25,80,1.462086206,6.2,0.179290365,1.767902379,2.621379697,25.84825682,9.860554294,0.418529931,1.41243126,112.4966141,870.18,15.9,20.5,73.31735015,17.80126183,4.118660287,0.18225629,1.248076608,0.233058021,0.119444444,31.43,52.56,50,125,32.3,34.9,67.2
Hrdy B,12,23,0,wheat,0,0,2,H,2,0,10,10,Brentwood,20,48.75,31.25,80,1.462086206,6.3,0.159831186,1.411440699,2.336869727,20.63647977,8.830821646,0.368634502,1.314635616,112.180279,742.03,27.1,24.6,133.6438906,48.15145897,2.775489953,0.27395136,3.264503423,0.017998598,0.162849873,6.42,49.29,40,175,63.3,15.4,78.7
Hrdy B,12,23,0,wheat,0,0,2,H,3,0,10,10,Brentwood,20,48.75,31.25,80,1.462086206,6,0.106255788,1.377223716,1.553551213,20.13619798,12.96139954,0.191325574,1.303977472,112.9927671,424.05,21.7,18.9,91.6960912,22.9370684,3.997724975,0.28444403,1.357048229,0.239990092,0.137640449,15.77,32.86,20,140,16.3,47.2,63.5
Hrdy B,12,23,0,wheat,0,4.5,2,R,1,0,10,10,Brentwood,20,47.5,32.5,80,1.326540919,6.73,0.093571934,0.766449651,1.241269996,10.16726824,8.191020708,0.093866258,1.007204281,75.09926672,465.34,15.2,10.8,56.59795224,11.35094067,4.986190476,0.26888818,0.649484708,0.134944338,0.074966533,9.42,53.68,25,185,21.2,44.9,66.1
Hrdy B,12,23,0,wheat,0,4.5,2,R,2,0,10,10,Brentwood,22.5,45,32.5,77.5,1.326540919,6.68,0.131878595,0.929112436,1.749423522,12.32505664,7.045210316,0.242894961,1.090788924,103.8768906,434.82,15.9,9.7,50.38108537,13.48095122,3.737205524,0.238803289,0.578355207,0.1366534,0.086859688,8.77,14.89,45,200,18.2,46.3,64.5
Hrdy B,12,23,0,wheat,0,4.5,2,R,3,0,10,10,Brentwood,22.5,45,32.5,77.5,1.326540919,6.51,0.112797995,0.990092158,1.496311561,13.13397762,8.777568762,0.175022031,1.118396272,102.9357646,277.39,15.1,9.6,42.44353448,8.206293103,5.172071476,0.193295178,0.503900954,0.10202424,0.079365079,13.03,38.1,20,175,47.6,28.1,75.7
RB10E,13,20,0,tomato,0,0,3,H,1,0,10,10,Capay,21,34.5,44.5,79,1.415093841,6.58,0.30751532,3.283812996,4.351630359,46.46903545,10.67853462,0.638651998,1.667163658,160.8462839,1121.72,24.2,46.3,148.953743,53.35955307,2.791510319,0.6113957,3.389928681,0.645295191,0.200892857,9.91,84.36,20,75,34,28.1,62.1
RB10E,13,20,0,tomato,0,0,3,H,2,0,10,10,Capay,21,35.25,43.75,79,1.415093841,6.63,0.263780391,2.360382784,3.732740062,33.4016314,8.948287543,0.572027748,1.523767679,162.5432475,965.10,12.9,14.4,62.00977477,19.69456456,3.148573027,0.173494533,0.940720917,0.152852587,0.092643052,8.73,45.59,10,55,36,27.4,63.4
RB10E,13,20,0,tomato,0,0,3,H,3,0,10,10,Capay,18.5,39,42.5,81.5,1.415093841,6.51,0.251540985,2.993357796,3.559540993,42.35882181,11.90007978,0.551393999,1.626943872,152.5221364,1140.70,17.6,18.6,109.3135439,45.36575439,2.409604896,0.585400506,2.750257118,0.154016352,0.171511628,10.65,92.17,10,55,53.6,17.1,70.7
RB10E,13,20,0,tomato,0,4.5,3,R,1,0,10,10,Capay,19.75,37.75,42.5,80.25,1.349243693,6.64,0.090871548,0.805181707,1.226078631,10.8638634,8.86065797,0.088518323,1.035984296,84.9499386,682.71,32.4,76.5,141.3568182,12.16515152,11.61981567,0.54827443,1.577680143,0.334674276,0.108108108,14.95,237.22,5,185,35.3,29,64.3
RB10E,13,20,0,tomato,0,4.5,3,R,2,0,10,10,Capay,19.75,40.25,40,80.25,1.349243693,6.56,0.103444727,0.867924794,1.395721457,11.71042054,8.39022749,0.144798755,1.068572491,88.22457933,621.01,30.9,49.9,126.8537997,20.98483307,6.045023054,0.592701062,1.11352192,0.284934024,0.12150838,15.66,234,5,175,33.7,29.8,63.5
RB10E,13,20,0,tomato,0,4.5,3,R,3,0,10,10,Capay,16,36.5,47.5,84,1.349243693,6.45,0.060491597,0.642008551,0.816179054,8.662259884,10.61318573,-0.088214555,0.937631209,63.8054504,528.46,31.9,42.9,122.6389466,16.18268702,7.578404402,0.400046073,1.556271059,0.271394823,0.101508916,13.35,228.31,10,175,30.7,34.1,64.8
RB11E,14,20,0,tomato,0,0,3,H,1,0,10,10,Capay,26,29,45,74,1.520750433,6.18,0.211477987,2.589358807,3.216052403,39.37768528,12.24410561,0.507323117,1.595250184,122.4747624,599.65,30.6,29.4,143.7465932,26.68962712,5.385859929,0.737454445,2.200337953,0.538872048,0.154727794,9.48,56.12,15,75,29.5,32.2,61.7
RB11E,14,20,0,tomato,0,0,3,H,2,0,10,10,Capay,18.5,36.5,45,81.5,1.520750433,6.26,0.221314279,2.86775883,3.365637859,43.61145482,12.95785722,0.527067384,1.639600574,154.7336478,855.94,26.1,29.6,151.6352065,21.93645422,6.912475688,0.755758215,2.923016529,0.565794447,0.179675994,12.47,60.91,15,65,31.1,34.5,65.6
RB11E,14,20,0,tomato,0,0,3,H,3,0,10,10,Capay,23.5,34,42.5,76.5,1.520750433,6.19,0.262476893,2.843637785,3.991618483,43.24463392,10.83385953,0.601149025,1.635932225,143.2751534,796.61,26.0,35.1,135.027916,17.28936975,7.80988075,0.541324642,2.161897341,0.067393177,0.151212554,7.6,36.56,10,100,17.5,38.8,56.3
RB11E,14,20,0,tomato,0,4.5,3,R,1,0,10,10,Capay,24.75,35.25,40,75.25,1.429494229,6.17,0.101829151,0.816906167,1.455641837,11.67762652,8.0223213,0.163054529,1.067354581,94.88421747,651.86,13.3,22.3,98.1992647,11.81013072,8.314833006,0.174407184,0.667292616,0.08831544,0.138028169,6.18,261.3,25,160,37.9,27.1,65
RB11E,14,20,0,tomato,0,4.5,3,R,2,0,10,10,Capay,16,34,50,84,1.429494229,6.23,0.079477549,0.71602992,1.136126983,10.23560639,9.009209833,0.055426874,1.010113576,63.1979561,585.41,16.8,55.2,78.41342466,7.125796233,11.0041632,0.270312322,0.835590328,0.135654517,0.157287157,6.65,221.37,20,140,52.2,20.8,73
RB11E,14,20,0,tomato,0,4.5,3,R,3,0,10,10,Capay,16,34,50,84,1.429494229,6.21,0.079472909,0.658765337,1.136060641,9.417012478,8.289181175,0.055401514,0.973913146,72.30428294,545.07,15.5,26.0,93.53639576,12.93678445,7.230266231,0.19617136,0.769059368,0.12731071,0.17251462,20.63,255.83,15,125,47.1,24.8,71.9
HRF-C,15,25,0,rye,0,0,3,H,1,0,10,10,Capay,18.5,29,52.5,81.5,1.366145242,6.55,0.203094036,2.568563674,2.774559509,35.09031043,12.64716446,0.443194044,1.54518721,140.5958037,637.62,21.1,29.6,163.4055179,79.35322709,2.059217047,0.271845792,1.839566739,0.445333984,0.237082067,6.28,18.65,25,90,51.7,22.1,73.8
HRF-C,15,25,0,rye,0,0,3,H,2,0,10,10,Capay,14.75,31.5,53.75,85.25,1.366145242,6.38,0.108956831,1.328253683,1.488508559,18.14587449,12.19064168,0.172751336,1.258777902,127.7854585,276.92,26.7,21.9,158.4071146,107.0091996,1.48031305,0.390544992,2.320349449,0.413974839,0.229832572,7.9,21.12,30,75,48.1,27.2,75.3
HRF-C,15,25,0,rye,0,0,3,H,3,0,10,10,Capay,14.75,32.75,52.5,85.25,1.366145242,6.49,0.201814113,2.428412324,2.757073907,33.17563942,12.03291625,0.440448408,1.520819302,156.5604584,567.50,33.5,43.2,159.1112621,44.34815534,3.587776333,0.358409264,2.770814655,0.462772551,0.21969697,8.95,21.82,20,90,50,24.2,74.2
HRF-C,15,25,0,rye,0,3,3,R,1,0,10,10,Capay,16,29,55,84,1.243856526,6.48,0.109223075,0.934945787,1.358578348,11.62938419,8.559965795,0.133084689,1.065556718,106.8307603,394.06,16.5,46.1,100.040866,40.32093137,2.48111496,0.165828274,0.929792952,0.132984933,0.248157248,3.07,16.96,60,185,46.3,28.5,74.8
HRF-C,15,25,0,rye,0,3,3,R,2,0,10,10,Capay,17.25,30.25,52.5,82.75,1.243856526,6.5,0.100715273,0.915955318,1.25275349,11.39317,9.094502704,0.097865621,1.056644578,102.5709421,351.29,21.9,17.6,66.74403047,19.63264543,3.399645285,0.132238199,1.023963301,0.153873095,0.138424821,1.67,15.46,80,180,43.5,28.3,71.8
HRF-C,15,25,0,rye,0,3,3,R,3,0,10,10,Capay,11,34,55,89,1.243856526,6.48,0.115937858,0.931841334,1.442100611,11.59076925,8.037420662,0.158995561,1.06411226,123.1607003,179.68,17.8,22.6,87.51171875,20.1428125,4.344563042,0.150328748,0.961805337,0.146237614,0.255813954,3.27,49.87,60,175,30.8,38.1,68.9
HRF-C2,16,25,0,rye,0,0,3,H,1,0,10,10,Capay,16,29,55,84,1.276715148,6.55,0.27840799,3.931754897,3.554476982,50.19731036,14.12227751,0.550775706,1.700680448,182.5897953,548.82,50.2,43.4,336.9902994,123.3269062,2.732496175,1.277895238,3.888453528,1.042855142,0.231595092,2.4,9.08,30,80,50.6,18.5,69.1
HRF-C2,16,25,0,rye,0,0,3,H,2,0,10,10,Capay,17.25,30.25,52.5,82.75,1.276715148,6.58,0.303029796,3.165974432,3.868827314,40.42047516,10.44773309,0.587579345,1.606601414,188.1102781,663.72,20.2,20.2,218.2872449,62.49285715,3.492995118,0.254500326,2.304297103,0.440253622,0.246153846,8.15,19.88,50,100,45.9,24.2,70.1
HRF-C2,16,25,0,rye,0,0,3,H,3,0,10,10,Capay,13.5,31.5,55,86.5,1.276715148,6.56,0.232391306,2.69900562,2.966975012,34.45861359,11.61405588,0.472313889,1.5372978,164.3324759,634.03,26.3,19.7,186.2127151,92.7376195,2.007952286,0.723561158,3.324002668,0.792386163,0.213533835,5.96,8.36,10,75,49.5,22.9,72.4
HRF-C2,16,25,0,rye,0,3,3,R,1,0,10,10,Capay,15.75,33,51.25,84.25,1.4953602,6.65,0.189389356,1.902140602,2.832053049,28.44385351,10.04354545,0.452101384,1.453988433,116.4887625,339.41,18.4,26.9,79.68100208,27.14430062,2.935459756,0.092578078,0.4202501,0.129576603,0.260802469,22.75,663.78,75,150,43.7,22.4,66.1
HRF-C2,16,25,0,rye,0,3,3,R,2,0,10,10,Capay,19.25,30.5,50.25,80.75,1.4953602,6.74,0.088459758,0.875658618,1.322792018,13.09425046,9.898948803,0.121491566,1.117080644,111.7052451,422.57,19.3,31.9,74.53983871,25.52844086,2.919874313,0.111710289,0.489844225,0.084439058,0.252010724,26.14,530.34,80,160,41.4,25.7,67.1
HRF-C2,16,25,0,rye,0,3,3,R,3,0,10,10,Capay,18.5,28.5,53,81.5,1.4953602,6.75,0.10213131,0.973813567,1.527230965,14.5620205,9.534917003,0.183904721,1.163221638,126.1840776,441.58,20.7,48.4,72.20607955,36.33600379,1.987177235,0.095795434,0.462173809,0.072807785,0.216617211,23.7,612.88,90,180,48.3,20.2,68.5
MER-3,17,20,0,wheat,0,0,3,H,1,0,10,10,Capay,8.25,33.25,55.5,88.75,1.697854708,7.3,0.163036319,1.860800002,2.768119812,31.59368044,11.41340787,0.442184884,1.499600221,224.1693786,483.68,30.1,17.3,198.479954,58.28379601,3.405405405,0.183145351,2.81444314,0.367740508,0.108071135,39.68,141.79,40,90,66.5,8.6,75.1
MER-3,17,20,0,wheat,0,0,3,H,2,0,10,10,Capay,15.5,32.25,52.25,84.5,1.697854708,7.5,0.205278514,2.495647435,3.485330919,42.37246747,12.15737284,0.542244019,1.627083755,255.6169816,1053.68,61.8,103.7,214.3035058,307.254424,0.697478992,0.486764551,2.116747488,0.386911215,0.147937411,24.41,63.19,30,105,49.3,17.9,67.2
MER-3,17,20,0,wheat,0,0,3,H,3,0,10,10,Capay,9,40,51,91,1.697854708,7.4,0.24396965,2.604107988,4.142250183,44.21397008,10.67390141,0.617236326,1.645559513,293.5291536,722.54,32.6,52.8,97.97756211,106.5697981,0.919374568,0.185983651,3.505410188,0.289319269,0.117808219,30.11,55.75,30,100,63.6,10.9,74.5
MER-3,17,20,0,wheat,0,4.5,3,R,1,0,10,10,Capay,11.5,34,54.5,88.5,1.584630962,7.3,0.1553367,1.595467076,2.461513446,25.28226527,10.27102465,0.391202213,1.402815984,191.4480019,912.54,49.7,61.8,83.45235342,56.78452769,1.469631902,0.143330471,1.033657942,0.138633789,0.13884993,1.62,316.96,80,110,55.2,20.8,76
MER-3,17,20,0,wheat,0,4.5,3,R,2,0,10,10,Capay,12.75,34,53.25,87.25,1.584630962,7.3,0.165881286,1.698883965,2.628606213,26.92104131,10.24156497,0.41972553,1.430091855,203.9066151,750.46,38.0,76.3,43.30952459,4.40804918,9.825100134,0.136652593,1.061105833,0.141191842,0.150417827,34.04,603.93,100,110,60.5,18.7,79.2
MER-3,17,20,0,wheat,0,4.5,3,R,3,0,10,10,Capay,6.5,42.75,50.75,93.5,1.584630962,7.4,0.14283123,1.42042695,2.263347898,22.50852524,9.94479252,0.354751314,1.352347041,182.2494392,612.65,35.5,73.2,98.03802427,11.30606586,8.671276596,0.171110277,1.104866562,0.128378711,0.168587896,2.73,384.35,65,130,46.4,28.6,75
Butler C,18,15,0,wheat,0,0,3,H,1,0,10,10,Capay,14.5,38.5,50,88.5,1.457198192,6.13,0.169137675,1.92768866,2.464671143,28.0902443,11.39715714,0.39175898,1.448555516,186.1472084,755.11,19.8,7.1,126.4345953,23.08603133,5.47667087,0.3157435,2.15155677,1.444389826,0.141255605,6.29,23.36,80,120,54.4,19,73.4
Butler C,18,15,0,wheat,0,0,3,H,2,0,10,10,Capay,7.5,42.5,50,92.5,1.457198192,6.04,0.169158494,1.890776308,2.464974513,27.55235817,11.17754282,0.391812433,1.440158776,186.5680219,565.11,14.6,10.8,148.7408972,32.80666376,4.533862336,0.391279518,1.621108457,0.29228084,0.174100719,3.01,5.56,35,75,48.5,0.7,49.2
Butler C,18,15,0,wheat,0,0,3,H,3,0,10,10,Capay,10,40,50,90,1.457198192,6.12,0.151831636,1.353142725,2.21248786,19.71797132,8.912126335,0.344880896,1.294862231,147.6279188,565.11,31.7,8.1,111.887224,19.59876972,5.70889018,0.418729825,1.082820779,0.253878772,0.121883657,8.95,11.27,50,80,57.4,18.7,76.1
Butler C,18,15,0,wheat,0,4.5,3,R,1,0,10,10,Capay,10,38.75,51.25,90,1.326879782,6.12,0.095161984,0.891217341,1.262685127,11.82538271,9.365266499,0.101295065,1.072815205,133.6283475,326.25,35.9,42.6,77.22442018,9.642703313,8.008586148,0.336526075,1.286799232,0.119940767,0.094133697,6.16,11.25,15,85,38.8,33.3,72.1
Butler C,18,15,0,wheat,0,4.5,3,R,2,0,10,10,Capay,12.5,35,52.5,87.5,1.326879782,6.21,0.083455294,0.951633689,1.107351421,12.62703502,11.4029158,0.044285467,1.101301385,121.6328579,657.39,30.2,6.0,56.08162455,14.14808664,3.96390169,0.200083513,0.635878786,0.116096837,0.079734219,5.92,6.67,0,120,42.6,33.2,75.8
Butler C,18,15,0,wheat,0,4.5,3,R,3,0,10,10,Capay,10,46.25,43.75,90,1.326879782,6.15,0.079731009,0.93352817,1.05793464,12.38679655,11.70847052,0.024458837,1.092959004,123.7549996,190.53,18.7,6.5,34.41757058,12.64645617,2.721518987,0.116675545,0.708344827,0.070201867,0.094212651,9.94,18.49,15,100,29.1,41.9,71
HRF-Co,19,25,0,poppies,0,0,4,H,1,0,10,10,Corning,39.25,39.75,21,60.75,1.18021362,5.59,0.29061888,3.337749344,3.429923605,39.39257236,11.48497077,0.535284447,1.595414342,127.4486432,705.31,33.1,98.0,146.5941744,93.62411874,1.56577361,0.41995642,2.505923489,0.232890692,0.202662722,10.85,11.59,25,95,31.2,24.7,55.9
HRF-Co,19,25,0,poppies,0,0,4,H,2,0,10,10,Corning,39.25,39.75,21,60.75,1.18021362,5.37,0.14271349,1.807849998,1.684324041,21.33649191,12.66768828,0.226425648,1.329123015,69.72665826,515.23,32.4,105.1,166.8654974,148.0240838,1.127286136,0.468824258,3.159522898,0.425514858,0.083932854,49.51,107.68,40,100,40.6,21.9,62.5
HRF-Co,19,25,0,poppies,0,0,4,H,3,0,10,10,Corning,38,41,21,62,1.18021362,5.64,0.292576309,3.603631612,3.453025445,42.5305511,12.31689479,0.538199779,1.62870101,109.6033637,636.41,39.7,25.6,129.3175,21.61425,5.982974195,0.613161169,1.83483263,0.289639557,0.130434783,36.06,134.75,50,85,38.7,20.5,59.2
HRF-Co,19,25,0,poppies,0,3,4,R,1,0,10,10,Corning,41.5,33.75,24.75,58.5,1.466277807,5.33,0.056129843,0.538398207,0.823019428,7.894413421,9.592013446,-0.084589913,0.897319866,33.23789257,386.93,22.5,17.8,45.92015267,8.957506361,5.126443769,0.124099722,0.450195232,0.066829199,0.081775701,43.19,580.36,85,150,34.6,23.8,58.4
HRF-Co,19,25,0,poppies,0,3,4,R,2,0,10,10,Corning,40.5,36.25,23.25,59.5,1.466277807,5.04,0.073832966,0.730167343,1.082596389,10.7062817,9.889448926,0.034466574,1.029638666,41.34075701,405.94,53.6,16.5,23.49738903,4.528198433,5.189125296,0.141407349,0.447119876,0.087121948,0.065853659,64.71,714.51,100,160,27.3,23.3,50.6
HRF-Co,19,25,0,poppies,0,3,4,R,3,0,10,10,Corning,41.5,39.75,18.75,58.5,1.466277807,5.18,0.07974277,0.815878703,1.169250535,11.96304836,10.23138156,0.067907577,1.077841858,48.53268878,370.30,26.7,28.4,29.84275862,4.48,6.661330049,0.090219312,0.396748069,0.087968433,0.09375,52.36,773.73,85,150,37.9,22.1,60
Muller Co,20,9,0,grapes,0,0,4,H,1,0,10,10,Corning,31.5,53.75,14.75,68.5,1.404868318,5.6,0.133153301,1.514548568,1.87062854,21.27741299,11.37447256,0.271987556,1.327918823,65.96290055,434.82,29.2,21.1,85.6703252,11.13787263,7.691803279,0.278706026,1.785507165,0.198485186,0.041558442,NA,NA,NA,NA,20,14,34
Muller Co,20,9,0,grapes,0,0,4,H,2,0,10,10,Corning,31.5,55,13.5,68.5,1.404868318,5.63,0.251795808,2.943520267,3.537399535,41.35258367,11.6901083,0.548684114,1.616502649,93.11889601,727.96,106.0,20.4,242.736,64.1576,3.783433296,0.458335883,3.734961141,0.434673521,0.038461538,NA,NA,NA,NA,17.8,17.4,35.2
Muller Co,20,9,0,grapes,0,0,4,H,3,0,10,10,Corning,19.25,57.5,23.25,80.75,1.404868318,5.32,0.129011392,1.349851616,1.812440169,18.96363769,10.46304205,0.258263679,1.277921649,55.06284334,407.68,75.7,24.1,222.1102474,34.83328622,6.376379362,0.427884234,2.920326707,0.381018491,0.037414966,NA,NA,NA,NA,26.5,16.6,43.1
Muller Co,20,9,0,grapes,0,4,4,R,1,0,10,10,Corning,31.75,53.5,14.75,68.25,1.564426937,5.6,0.13262303,1.498503209,2.0747904,23.44298785,11.2989668,0.31697423,1.370012962,56.08806761,516.25,109.6,57.3,15.21530303,46.36780303,0.328143713,0.209995671,1.224154959,0.215098103,0.099590723,NA,NA,NA,NA,20.9,14.3,35.2
Muller Co,20,9,0,grapes,0,4,4,R,2,0,10,10,Corning,32.75,51.25,16,67.25,1.564426937,5.37,0.110855523,1.033916187,1.734253666,16.17486334,9.326699809,0.239112621,1.20884062,37.1042876,733.39,71.7,48.5,22.00072046,6.230821326,3.530950305,0.073175776,0.577212314,0.111197088,0.079575597,NA,NA,NA,NA,21.3,16,37.3
Muller Co,20,9,0,grapes,0,4,4,R,3,0,10,10,Corning,37.75,47.5,14.75,62.25,1.564426937,5.42,0.130455591,1.651635898,2.040882408,25.83863689,12.66052213,0.309817982,1.412269599,54.11607376,782.25,24.5,23.5,77.54751037,21.90248963,3.54057971,0.086110294,0.906082285,0.16083831,0.054901961,NA,NA,NA,NA,23.4,19.6,43
Gilmer,21,10,0,oat hay,1,0,4,H,1,0,10,10,Corning,46.5,43.75,9.75,53.5,1.124712774,5.51,0.128000424,1.568988622,1.439637122,17.64661545,12.25768298,0.158253037,1.246661422,55.82046332,456.54,29.3,33.0,226.47375,101.7225,2.226387967,0.771290034,3.347051384,2.255625813,0.111111111,27.75,69.31,25,95,44,15.9,59.9
Gilmer,21,10,0,oat hay,1,0,4,H,2,0,10,10,Corning,34.25,47.5,18.25,65.75,1.124712774,5.4,0.285008146,3.384926577,3.205523031,38.0707016,11.87659587,0.505898902,1.580590881,86.40920716,787.68,30.5,29.9,170.4225641,76.27074786,2.234442022,0.415914248,2.492026154,0.798925893,0.067729084,11.46,29.83,20,85,49.1,17.8,66.9
Gilmer,21,10,0,oat hay,1,0,4,H,3,0,10,10,Corning,44.25,43.5,12.25,55.75,1.124712774,5.34,0.219360567,2.69869417,2.467176319,30.35255806,12.3025492,0.392200188,1.482195299,84.20778362,695.39,39.9,26.2,174.8189573,86.53080568,2.020308906,0.473182122,3.553114739,1.147470208,0.120833333,41.04,81.38,50,120,35.7,20.4,56.1
Gilmer,21,10,0,oat hay,1,0,4,R,1,0,10,10,Corning,35.25,55,9.75,64.75,1.341060021,5.12,0.090745677,0.964380145,1.216953994,12.93291657,10.62728471,0.08527416,1.111696476,58.47580453,228.53,18.8,10.6,95.60269058,47.31464873,2.020572764,0.420147906,2.122667157,0.426449413,0.095945946,57.55,120.22,50,100,29.9,22.9,52.8
Gilmer,21,10,0,oat hay,1,0,4,R,2,0,10,10,Corning,39.5,45.75,14.75,60.5,1.341060021,5.1,0.087999418,0.952975529,1.180125018,12.77997382,10.82933895,0.071928017,1.106529964,54.22167743,548.82,20.6,13.7,52.40717606,39.16470423,1.338122605,0.468315261,1.763482605,0.390667982,0.067017083,42.06,98.29,40,95,21.9,26.5,48.4
Gilmer,21,10,0,oat hay,1,0,4,R,3,0,10,10,Corning,44.5,43.5,12,55.5,1.341060021,5.01,0.081281327,0.87281871,1.090031378,11.70502277,10.73824388,0.037439,1.068372263,53.04910781,467.39,51.4,33.1,7.423412698,2.878571429,2.578853047,0.741090557,2.787429332,0.763362709,0.030769231,49.33,103.61,55,115,31.4,18.6,50
Muller Y,1,20,0,tomato,0,0,1,H,1,10,20,10,Yolo,13.5,65.25,21.25,86.5,1.546600005,6.32,0.093703344,1.051183223,1.44921592,16.25759978,11.21820396,0.161133096,1.211056428,91.09400586,708.8091121,16.1051227,8.717760736,51.53751534,17.78917178,2.897128432,0.106103387,0.225313784,0.04312431,0.109289618,17.81,16.68,60,140,NA,NA,NA
Muller Y,1,20,0,tomato,0,0,1,H,2,10,20,10,Yolo,12.25,64,23.75,87.75,1.546600005,6.52,0.093679313,0.901179781,1.448844259,13.93764653,9.619837634,0.161021704,1.144189446,115.1927447,509.474632,24.07263158,12.44526316,111.4326316,26.26105263,4.243265993,0.21446954,0.870938479,0.167143654,0.095238095,14.34,24.4,20,85,NA,NA,NA
Muller Y,1,20,0,tomato,0,0,1,H,3,10,20,10,Yolo,17.25,56.5,26.25,82.75,1.546600005,6.12,0.151125402,1.554624819,2.337305474,24.04382754,10.28698551,0.368715476,1.381003604,143.9518679,658.975492,14.42370597,7.90959418,43.18180704,20.44102603,2.112506827,0.100016871,0.280775151,0.053251511,0.104252401,13.99,40.35,50,100,NA,NA,NA
Muller Y,1,20,4,tomato,0,6,1,R,1,10,20,10,Yolo,16,56.5,27.5,84,1.47918087,6.67,0.083329001,0.736479445,1.232586636,10.89386306,8.838212864,0.090817455,1.037181912,70.26019725,635.2451968,18.32744083,8.535539941,25.01701183,12.30462278,2.033139275,0.061290544,0.153461384,0.027160764,0.09261745,NA,198.57,50,150,NA,NA,NA
Muller Y,1,20,4,tomato,0,6,1,R,2,10,20,10,Yolo,16,59,25,84,1.47918087,6.63,0.076080139,0.679907547,1.125362861,10.05706237,8.936728515,0.051292579,1.002471144,61.12316097,552.1891634,27.8826149,19.99184628,31.4833122,10.22096672,3.080267559,0.074603157,0.2576959,0.040553615,0.122392211,NA,178.32,20,100,NA,NA,NA
Muller Y,1,20,4,tomato,0,6,1,R,3,10,20,10,Yolo,18.5,60.25,21.25,81.5,1.47918087,6.57,0.074809279,0.64655972,1.106564546,9.563787693,8.642774369,0.043976751,0.980629927,60.98778504,611.5149015,26.37083054,16.14385067,38.07556208,10.88375839,3.498383621,0.088927192,0.170104692,0.032082493,0.147353362,NA,181.58,10,80,NA,NA,NA
Hrdy Y,2,23,0,wheat,0,0,1,H,1,10,20,10,Yolo,17.25,55.25,27.5,82.75,1.552508648,6.4,0.099588392,0.7659995,1.5461184,11.89220849,7.69165446,0.189242749,1.075262514,118.4213823,423.963944,19.23669368,11.92051864,36.62126418,7.616207455,4.808333333,0.075510224,0.081855621,0.041941027,0.133426966,10.34,22.71,30,110,NA,NA,NA
Hrdy Y,2,23,0,wheat,0,0,1,H,2,10,20,10,Yolo,16,55.25,28.75,84,1.552508648,7.02,0.070678159,0.698545628,1.097284528,10.84498129,9.883472347,0.040319256,1.035228807,107.3628824,250.8144138,25.56204236,23.502118,59.96110439,19.29295008,3.107928241,0.336721697,0.006283411,0.183805025,0.104336043,6.29,10.69,25,90,NA,NA,NA
Hrdy Y,2,23,0,wheat,0,0,1,H,3,10,20,10,Yolo,17.25,54,28.75,82.75,1.552508648,7.05,0.081258292,0.696816128,1.261542015,10.81813066,8.57532332,0.100901719,1.034152222,110.3165284,467.3926441,26.97699681,22.29009585,123.8664537,41.31373802,2.998190423,0.548369821,0.430449602,0.091377969,0.130555556,22.11,46.51,50,125,NA,NA,NA
Hrdy Y,2,23,0,wheat,0,4.5,1,R,1,10,20,10,Yolo,24.75,53.5,21.75,75.25,1.404565311,6.82,0.069243409,0.673224148,0.972568898,9.455872848,9.722573761,-0.012079623,0.975701624,102.6319431,284.76,13.58518433,10.134447,54.98286482,25.55667435,2.15140922,0.192796008,0.4181552,0.089879266,0.104539202,27.93,158.12,20,150,NA,NA,NA
Hrdy Y,2,23,0,wheat,0,4.5,1,R,2,10,20,10,Yolo,28.5,45.25,26.25,71.5,1.404565311,6.7,0.081856843,0.745988507,1.149732823,10.47789579,9.113331011,0.06059693,1.020274075,86.55971926,451.1068815,26.32536802,18.04011421,47.82044416,7.841598985,6.098302687,0.282484255,0.521777505,0.198915062,0.098398169,56.41,311.45,20,250,NA,NA,NA
Hrdy Y,2,23,0,wheat,0,4.5,1,R,3,10,20,10,Yolo,27.25,46.5,26.25,72.75,1.404565311,7,0.085487913,0.830825205,1.200733571,11.66948263,9.71862777,0.079446653,1.067051602,89.9727581,410.688,15.00957382,8.373409437,44.81645358,15.64637747,2.864334166,0.138546678,0.370712576,0.068551,0.104904632,21.37,57.32,15,165,NA,NA,NA
YO-1,3,10,0,tomato,0,0,1,H,1,10,20,10,Yolo,19.75,55.25,25,80.25,1.410578365,7.2,0.184583205,2.032309155,2.603690753,28.66731326,11.01026042,0.415589401,1.457386992,159.6527378,787.1190864,16.82482394,21.31346831,105.1399648,26.78001761,3.926060331,0.512372069,1.932408013,0.19862891,0.176811594,2.63,5.54,10,50,NA,NA,NA
YO-1,3,10,0,tomato,0,0,1,H,2,10,20,10,Yolo,17.25,57.75,25,82.75,1.410578365,7.3,0.199752593,2.063319615,2.817666867,29.1047401,10.32937585,0.449889645,1.463963725,162.7826562,758.6427321,19.31313149,18.14846021,106.9996713,31.13394464,3.436752796,0.35511972,1.356451604,0.294705077,0.167146974,1.81,2.5,0,70,NA,NA,NA
YO-1,3,10,0,tomato,0,0,1,H,3,10,20,10,Yolo,19.75,52.75,27.5,80.25,1.410578365,7.2,0.195164779,1.88693944,2.752952145,26.61675951,9.668442497,0.439798662,1.425155181,166.3271301,796.6112045,32.28420578,29.2866065,85.46543322,19.75830325,4.325545171,0.42626464,1.090395525,0.138603891,0.187683285,1.93,6.24,25,80,NA,NA,NA
YO-1,3,10,0,tomato,0,7,1,R,1,10,20,10,Yolo,13.5,59,27.5,86.5,1.365553115,7.1,0.149853992,1.149535483,2.046335857,15.69751759,7.671036765,0.310976914,1.195830978,127.8449751,822.7145292,18.97483456,22.4315625,109.3825184,28.29808824,3.865367776,0.660166085,0.914300622,0.156103089,0.192878338,6.14,49.51,0,75,NA,NA,NA
YO-1,3,10,0,tomato,0,7,1,R,2,10,20,10,Yolo,17.25,55.25,27.5,82.75,1.365553115,7,0.115859429,1.12062232,1.582122048,15.302693,9.67225823,0.199239983,1.184767865,119.2648618,787.1190864,15.88567619,16.032,71.78137143,13.59539048,5.27983154,0.209048344,0.681343508,0.127709757,0.214071856,4.13,50.32,0,60,NA,NA,NA
YO-1,3,10,0,tomato,0,7,1,R,3,10,20,10,Yolo,13.5,60.25,26.25,86.5,1.365553115,7.02,0.136088109,1.096781693,1.858355406,14.97713657,8.059349961,0.269128775,1.17542879,118.4050727,846.4448245,15.10636704,9.090168539,59.04531835,14.0085206,4.214957456,1.009191665,0.27352536,0.052395493,0.202985075,4.07,41.62,15,90,NA,NA,NA
FBF,4,10,0,diverse,0,0,1,H,1,10,20,10,Yolo,18.5,49,32.5,81.5,1.546448501,6.75,0.142258982,1.361994172,2.199961895,21.06253846,9.574046944,0.342415159,1.323510711,125.6849177,NA,NA,NA,NA,NA,NA,NA,NA,NA,NA,8.81,12.77,15,65,NA,NA,NA
FBF,4,10,0,diverse,0,0,1,H,2,10,20,10,Yolo,21,51.5,27.5,79,1.546448501,6.68,0.123473718,0.971419088,1.909457468,15.02249592,7.867415836,0.280909989,1.176742095,80.8711523,NA,NA,NA,NA,NA,NA,NA,NA,NA,NA,9.69,18.81,20,50,NA,NA,NA
FBF,4,10,0,diverse,0,0,1,H,3,10,20,10,Yolo,21,49,30,79,1.546448501,6.72,0.155525512,1.376010226,2.40512195,21.27928952,8.847488802,0.381137102,1.327957123,107.0697086,NA,NA,NA,NA,NA,NA,NA,NA,NA,NA,10.65,20.43,20,75,NA,NA,NA
FBF,4,10,24,diverse,1,2,1,R,1,10,20,10,Yolo,17.25,52.75,30,82.75,1.473777239,6.9,0.198349162,1.968465723,2.923224805,29.01079979,9.924245216,0.465862215,1.462559702,136.7212279,NA,NA,NA,NA,NA,NA,NA,NA,NA,NA,7.14,10.31,5,70,NA,NA,NA
FBF,4,10,24,diverse,1,2,1,R,2,10,20,10,Yolo,16,51.5,32.5,84,1.473777239,6.88,0.220121421,2.40989648,3.244099403,35.51650581,10.94803253,0.511094153,1.550430232,144.0286097,NA,NA,NA,NA,NA,NA,NA,NA,NA,NA,8.75,9.46,0,65,NA,NA,NA
FBF,4,10,24,diverse,1,2,1,R,3,10,20,10,Yolo,16,46.5,37.5,84,1.473777239,6.91,0.221424876,2.297606191,3.263309421,33.86159709,10.37645921,0.513658255,1.529707438,168.8775916,NA,NA,NA,NA,NA,NA,NA,NA,NA,NA,7.31,11.2,5,75,NA,NA,NA
Say Hay,5,19,0,tomato,0,0,1,H,1,10,20,10,Yolo,10,62,28,90,1.220816605,6.61,0.153099252,1.490615359,1.869061094,18.19767981,9.736268047,0.271623497,1.260016019,140.3636253,548.8214567,14.02182051,13.79479487,84.61484616,48.21905128,1.75480114,0.137004761,1.161150142,0.129221563,0.163090129,11.76,41.58,35,100,NA,NA,NA
Say Hay,5,19,0,tomato,0,0,1,H,2,10,20,10,Yolo,12.5,60.75,26.75,87.5,1.220816605,6.55,0.317048193,3.563211654,3.870576989,43.50027953,11.2387067,0.58777571,1.638492048,224.1774307,1205.680545,47.69395973,24.88200503,133.8198826,86.54584732,1.546231121,0.197511838,2.904914718,0.233296673,0.154609929,14.48,36.29,20,95,NA,NA,NA
Say Hay,5,19,0,tomato,0,0,1,H,3,10,20,10,Yolo,8.75,62,29.25,91.25,1.220816605,6.81,0.211921345,1.657175154,2.587170964,20.23106945,7.819765195,0.412825128,1.306018841,142.2133853,620.2903545,14.99123153,12.86955665,93.41763547,58.56985222,1.594978166,0.144720483,1.558891003,0.130205503,0.139830509,8.27,23.31,50,125,NA,NA,NA
Say Hay,5,19,0,tomato,0,7,1,R,1,10,20,10,Yolo,10,59.5,30.5,90,1.56988107,6.38,0.174161093,0.953344637,2.734122032,14.96637699,5.473924284,0.436817894,1.17511668,104.5665932,194.3462512,13.73658802,30.32984574,80.56422868,42.59202359,1.891533247,0.087395309,0.562892037,0.083319985,0.186115214,20.63,176.4,10,100,NA,NA,NA
Say Hay,5,19,0,tomato,0,7,1,R,2,10,20,10,Yolo,10,59.5,30.5,90,1.56988107,6.33,0.176451711,0.980130685,2.770082001,15.38688608,5.554668085,0.442492625,1.187150738,106.561228,179.8254295,15.10437736,48.21588679,86.49203774,70.21901887,1.2317466,0.07870941,0.436152797,0.080743771,0.204204204,26.77,274.13,5,90,NA,NA,NA
Say Hay,5,19,0,tomato,0,7,1,R,3,10,20,10,Yolo,11.25,58.25,30.5,88.75,1.56988107,6.34,0.174420635,1.037379594,2.738196533,16.28562586,5.947573763,0.437464616,1.211804453,105.788815,199.1865251,14.42924528,43.73943396,73.52641509,34.36669811,2.139466959,0.130204113,0.428067265,0.105838191,0.203007519,48.36,278.36,15,150,NA,NA,NA
Collins,6,9,0,tomato,0,0,1,H,1,10,20,10,Yolo,18,55.75,26.25,82,1.633689367,6.79,0.188338812,1.348968209,3.07687114,22.0379502,7.162454714,0.488109308,1.343171197,143.8433801,760.6582976,31.14911575,15.32307878,130.7119775,52.51912379,2.488845359,0.053977637,0.361603126,0.048046029,0.125175809,7.42,23.62,20,100,NA,NA,NA
Collins,6,9,0,tomato,0,0,1,H,2,10,20,10,Yolo,23.75,53.5,22.75,76.25,1.633689367,6.78,0.181132171,1.023406327,2.959137019,16.71928034,5.65005278,0.471165075,1.22321758,121.6179865,421.8391245,23.75752212,16.91557522,50.31327434,38.93929204,1.292095252,0.097046079,0.471474232,0.108238225,0.088709677,5.54,7.03,25,90,NA,NA,NA
Collins,6,9,0,tomato,0,0,1,H,3,10,20,10,Yolo,22,51,27,78,1.633689367,6.77,0.185604782,1.107503824,3.032205591,18.09317221,5.967000479,0.481758644,1.257514717,128.8882418,426.6793984,27.77795964,17.06997758,57.04864723,35.9686846,1.586064319,0.096813408,0.673730616,0.088437486,0.092265943,5.25,7.49,15,85,NA,NA,NA
Collins,6,9,0,tomato,0,7,1,R,1,10,20,10,Yolo,20,52.5,27.5,80,1.375148347,6.61,0.148297596,1.151329435,2.039311938,15.8324877,7.763641947,0.309483662,1.199549159,105.6570832,339.5544682,14.2752381,15.93428571,71.15333333,42.90619048,1.658346559,0.084300065,0.339909105,0.047231662,0.192307692,198.14,1078.26,50,175,NA,NA,NA
Collins,6,9,0,tomato,0,7,1,R,2,10,20,10,Yolo,22.5,51.25,26.25,77.5,1.375148347,6.53,0.113357412,1.043955587,1.558832573,14.35593801,9.209416235,0.192799472,1.157031574,100.7518659,455.7210418,13.46286101,15.35325812,64.26728339,39.54909747,1.625,0.122734526,0.461129101,0.05849275,0.195936139,191.38,1349.08,50,190,NA,NA,NA
Collins,6,9,0,tomato,0,7,1,R,3,10,20,10,Yolo,25,47.5,27.5,75,1.375148347,6.58,0.152354416,1.088517526,2.095099237,14.96873077,7.144640458,0.321204599,1.175184977,113.0532476,673.5333674,13.01538603,18.75801471,82.26145221,55.70411765,1.476757117,0.110652,0.688675711,0.097403925,0.192878338,177.91,926.1,30,200,NA,NA,NA
CLBL,7,13,0,diverse,0,0,2,H,1,10,20,10,Brentwood,22.5,43.75,33.75,77.5,1.342221549,6.28,0.134009853,1.455115659,1.798709131,19.53087594,10.85827364,0.254960939,1.290721721,165.5977304,708.8091121,17.69860601,10.66991653,36.45948247,8.822746244,4.132441472,0.097305642,0.516807424,0.08526741,0.152758133,NA,NA,NA,NA,NA,NA,NA
CLBL,7,13,0,diverse,0,0,2,H,2,10,20,10,Brentwood,20,47.5,32.5,80,1.342221549,6.74,0.116512597,1.343666435,1.563857178,18.03498044,11.53237053,0.194197088,1.256115676,177.0086538,438.2837462,39.47535176,26.06321608,76.43922111,14.0209799,5.45177453,0.090615448,1.303380436,0.133075492,0.145922747,NA,NA,NA,NA,NA,NA,NA
CLBL,7,13,0,diverse,0,0,2,H,3,10,20,10,Brentwood,23.75,40,36.25,76.25,1.342221549,6.68,0.124919412,1.454602959,1.676695272,19.52399437,11.64433079,0.22445414,1.290568674,182.0482087,549.8161339,27.63412969,15.96704778,72.95648464,36.14472696,2.018454441,0.140250519,0.864473245,0.098189656,0.160458453,NA,NA,NA,NA,NA,NA,NA
CLBL,7,13,12,diverse,1,2,2,R,1,10,20,10,Brentwood,20,45,35,80,1.185743504,6.58,0.159274415,1.868434613,1.888586025,22.15484206,11.73091496,0.276136772,1.345468658,169.5961995,694.5709349,32.17060773,21.81834254,114.6669613,32.92552486,3.48261605,0.223517051,2.476195954,0.301897654,0.191964286,NA,NA,NA,NA,NA,NA,NA
CLBL,7,13,12,diverse,1,2,2,R,2,10,20,10,Brentwood,22.5,42.5,35,77.5,1.185743504,6.61,0.169290338,1.805821997,2.007349186,21.41241702,10.66701159,0.302622926,1.330665693,167.8241438,497.6094844,22.7513465,14.24726212,104.9021544,35.25843806,2.975235438,0.159063048,1.366465593,0.171504189,0.186861314,NA,NA,NA,NA,NA,NA,NA
CLBL,7,13,12,diverse,1,2,2,R,3,10,20,10,Brentwood,22.5,43.75,33.75,77.5,1.185743504,6.75,0.149887827,1.648270527,1.777285173,19.5442607,10.99669372,0.249757118,1.291019247,161.7472015,801.3572635,17.64021467,9.203855098,79.27132379,18.22497317,4.34959893,0.151527043,0.677258051,0.108955256,0.179148311,NA,NA,NA,NA,NA,NA,NA
Fong East,8,10,0,tomato,0,0,2,H,1,10,20,10,Brentwood,24.25,48.25,27.5,75.75,1.276317451,6.39,0.104934736,1.173555115,1.339300342,14.97828873,11.18366677,0.12687798,1.175462198,152.86592,445.4028348,34.42491056,18.65115385,52.32464222,3.231726297,16.19092628,0.089459018,0.401615627,0.084224948,0.181551977,3.34,7.75,50,100,NA,NA,NA
Fong East,8,10,0,tomato,0,0,2,H,2,10,20,10,Brentwood,25.5,46,28.5,74.5,1.276317451,6.6,0.095756253,1.034856181,1.222153762,13.20805003,10.80719173,0.087125849,1.120838705,157.5547826,549.8161339,26.8875,15.95609524,86.06845238,9.844523809,8.742774566,0.396287151,1.657650388,0.200570015,0.121338912,2.49,8.17,15,80,NA,NA,NA
Fong East,8,10,0,tomato,0,0,2,H,3,10,20,10,Brentwood,28,42,30,72,1.276317451,6.49,0.090426247,0.913616902,1.154125976,11.66065196,10.10344815,0.062253216,1.066722833,155.2412996,616.2609606,20.74433384,8.937059725,42.85061256,1.378828484,31.07755102,0.067629872,0.311668476,0.041633008,0.111564626,18.71,25.25,30,100,NA,NA,NA
Fong East,8,10,6,tomato,0,2,2,R,1,10,20,10,Brentwood,28,40.75,31.25,72,1.410903214,6.46,0.137084359,1.383916747,1.934127625,19.52572587,10.0953658,0.286485128,1.290607188,109.2616978,687.4518463,20.45214286,11.95691964,86.08982143,11.1740625,7.704433498,0.152144896,0.608231895,0.094673844,0.182481752,8.76,22.41,5,120,NA,NA,NA
Fong East,8,10,6,tomato,0,2,2,R,2,10,20,10,Brentwood,20.5,47,32.5,79.5,1.410903214,6.52,0.140866499,1.40451968,1.987489963,19.81641331,9.97057277,0.298304944,1.297025052,103.6178441,711.1821416,26.6780705,13.54,122.0986456,24.12205009,5.061702682,0.284682639,0.98904058,0.181361725,0.203840473,7.57,20.43,0,100,NA,NA,NA
Fong East,8,10,6,tomato,0,2,2,R,3,10,20,10,Brentwood,28,44.5,27.5,72,1.410903214,6.29,0.080564518,0.855567121,1.136687377,12.07122401,10.61965167,0.055641037,1.081751309,133.2874098,552.1891634,21.25157459,10.76021179,121.3634346,19.56345304,6.203579418,0.128538035,0.553597133,0.148331953,0.200294551,6.99,31.28,0,150,NA,NA,NA
Fong West,9,10,0,tomato,0,0,2,H,1,10,20,10,Brentwood,25.5,42,32.5,74.5,1.388834179,6.6,0.122381956,1.583811159,1.69968243,21.99651071,12.9415415,0.230367785,1.342353795,201.9429834,618.6339901,19.93299832,12.40536013,106.1725293,36.91708543,2.875972685,0.220147288,0.734894127,0.15227757,0.147142857,1.82,7.46,25,75,NA,NA,NA
Fong West,9,10,0,tomato,0,0,2,H,2,10,20,10,Brentwood,25.5,43.25,31.25,74.5,1.388834179,6.57,0.137814589,1.751455446,1.914016118,24.32481187,12.7087811,0.281945591,1.38604949,173.5597337,673.2136692,23.27304422,17.76505102,72.05306122,16.63626701,4.331083481,0.113381007,0.738212726,0.078645431,0.153956835,15.99,17.63,40,100,NA,NA,NA
Fong West,9,10,0,tomato,0,0,2,H,3,10,20,10,Brentwood,23,44.5,32.5,77,1.388834179,6.6,0.139460531,1.561440155,1.936875528,21.68581456,11.19628714,0.287101712,1.33617574,182.3003631,611.5149015,29.33113158,25.80339474,128.5078158,34.44089474,3.7312566,0.407698456,2.0553324,0.353949048,0.175108538,4.4,6.28,15,85,NA,NA,NA
Fong West,9,10,6,tomato,0,2,2,R,1,10,20,10,Brentwood,23,43.25,33.75,77,1.438451632,6.59,0.16081584,1.642106379,2.313258081,23.62090602,10.21109846,0.364224088,1.373296552,153.5825143,611.5149015,27.34558226,32.69689464,112.264769,25.81663586,4.348543689,0.228830445,0.814353337,0.240692243,0.202064897,4.02,16.91,0,110,NA,NA,NA
Fong West,9,10,6,tomato,0,2,2,R,2,10,20,10,Brentwood,26.75,40.75,32.5,73.25,1.438451632,6.57,0.143626976,1.573258262,2.066004574,22.63055916,10.95377979,0.315131279,1.354695285,137.8420091,654.229433,32.12284895,35.63938815,107.3217017,23.39235182,4.587897043,0.227205794,0.805581222,0.202911168,0.219402985,6.79,21.3,10,150,NA,NA,NA
Fong West,9,10,6,tomato,0,2,2,R,3,10,20,10,Brentwood,20.5,45.75,33.75,79.5,1.438451632,6.48,0.15635973,1.751689306,2.249159095,25.19720342,11.20294401,0.352020177,1.401352342,150.3180676,725.4203187,17.91657559,15.3712204,54.04699453,5.381785064,10.04257768,0.121379561,0.550941674,0.049696614,0.192647059,10.52,23.95,0,120,NA,NA,NA
JRR,10,14,0,tomato,0,0,2,H,1,10,20,10,Brentwood,32.5,40.75,26.75,67.5,1.260409565,6.47,0.135826295,1.40815299,1.71196761,17.74849498,10.3673077,0.233495544,1.249161532,124.8914916,535.5779567,21.88656717,13.76679105,90.35223881,14.46243781,6.247372676,0.249778161,0.98411154,0.235005322,0.144680851,8.55,21.75,30,90,NA,NA,NA
JRR,10,14,0,tomato,0,0,2,H,2,10,20,10,Brentwood,31.25,43.25,25.5,68.75,1.260409565,6.49,0.101695566,1.134631121,1.281780638,14.30099918,11.15713466,0.107813707,1.155366382,135.5294414,419.29951,18.67030498,12.45263242,84.36211878,11.20218299,7.530864198,0.242839067,0.784571137,0.160863761,0.132311978,6.84,24,40,95,NA,NA,NA
JRR,10,14,0,tomato,0,0,2,H,3,10,20,10,Brentwood,32.5,42,25.5,67.5,1.260409565,6.3,0.090479314,1.093826757,1.140409923,13.78669706,12.08924685,0.057060988,1.139460233,140.7814018,471.5061596,26.40102964,29.49870515,85.55700468,6.410546022,13.34628975,0.216498659,1.391917294,0.127151304,0.11707989,11.69,22.24,30,75,NA,NA,NA
JRR,10,14,4,tomato,0,4.5,2,R,1,10,20,10,Brentwood,30,44.5,25.5,70,1.366891397,6.61,0.090820561,0.84519802,1.241418431,11.55293902,9.306240932,0.093918189,1.062692481,90.82052419,516.5937205,24.88071428,15.48336607,82.93571428,11.64758929,7.120418848,0.156038575,0.410075134,0.084608968,0.180087848,6.48,58.5,15,150,NA,NA,NA
JRR,10,14,4,tomato,0,4.5,2,R,2,10,20,10,Brentwood,30,44.5,25.5,70,1.366891397,6.64,0.070448206,0.609967675,0.962950469,8.337595679,8.658384773,-0.016396051,0.921040831,77.96835072,706.2504943,19.96075269,17.86769713,92.85555556,18.03342294,5.149081007,0.220424822,0.620107548,0.143712505,0.18540146,10.35,50.82,15,140,NA,NA,NA
JRR,10,14,4,tomato,0,4.5,2,R,3,10,20,10,Brentwood,27.5,45.75,26.75,72.5,1.366891397,6.47,0.08047103,0.683103179,1.099951582,9.337278583,8.488808721,0.041373569,0.970220316,90.46285109,581.3929817,20.52882813,10.52155382,52.31735243,8.77905382,5.959338387,0.123602141,0.248652664,0.065054832,0.173601148,11.56,53.1,35,145,NA,NA,NA
Muller B,11,16,0,tomato,0,0,2,H,1,10,20,10,Brentwood,18,48.5,33.5,82,1.481200919,6.92,0.163046137,1.673617592,2.415040877,24.78963916,10.26468719,0.382924486,1.394270205,165.4178326,756.2697026,20.47396721,11.13068852,71.21783607,15.18137705,4.691131498,0.117541879,0.603302724,0.089580015,0.138418079,15.34,35.48,25,80,NA,NA,NA
Muller B,11,16,0,tomato,0,0,2,H,2,10,20,10,Brentwood,20.5,44.75,34.75,79.5,1.481200919,6.69,0.145695221,1.700662042,2.158038952,25.1902218,11.67273732,0.334059279,1.401231991,181.0276516,564.054311,21.87406549,15.25091054,105.6344808,25.52448882,4.138554217,0.259828378,1.440662655,0.164040992,0.122019635,12.65,29.13,15,80,NA,NA,NA
Muller B,11,16,0,tomato,0,0,2,H,3,10,20,10,Brentwood,18,47.25,34.75,82,1.481200919,6.57,0.152208686,1.606209877,2.254516449,23.79119546,10.55268214,0.353053408,1.376416265,150.7620763,706.4360825,39.2705431,28.87593104,409.8369569,95.37734483,4.297005307,0.183444029,0.818153461,0.144028654,0.170243205,43.76,48.64,5,65,NA,NA,NA
Muller B,11,16,4,tomato,0,6,2,R,1,10,20,10,Brentwood,15.5,48.5,36,84.5,1.526323763,6.72,0.120847301,1.115283163,1.844521075,17.02283195,9.228862809,0.265883622,1.231031812,130.792739,696.9439644,21.68720907,11.10031558,62.92995069,18.64567061,3.375043569,0.096042379,0.371585496,0.069936147,0.230652504,110.38,648.06,65,90,NA,NA,NA
Muller B,11,16,4,tomato,0,6,2,R,2,10,20,10,Brentwood,20.5,42.25,37.25,79.5,1.526323763,6.57,0.112658811,1.086304392,1.719538207,16.58052208,9.642427259,0.23541183,1.219598201,120.717482,647.1103444,83.34117647,37.56176471,11.97058824,37.04411765,0.323144105,0.082243611,0.243906843,0.036404923,0.227272727,78.77,492.74,65,90,NA,NA,NA
Muller B,11,16,4,tomato,0,6,2,R,3,10,20,10,Brentwood,15.5,49.75,34.75,84.5,1.526323763,6.55,0.09466492,1.035318875,1.444893177,15.80231801,10.93666872,0.15983574,1.198720797,111.4176109,649.4833739,58.60894434,21.46306142,8.219078695,26.94244722,0.305060584,0.055065697,0.169726393,0.041804229,0.218890555,87.6,665.45,60,110,NA,NA,NA
Hrdy B,12,23,0,wheat,0,0,2,H,1,10,20,10,Brentwood,22.5,45,32.5,77.5,1.642931091,6.31,0.081515687,0.873109831,1.33924656,14.34459287,10.71094248,0.126860539,1.156688227,112.4966141,822.7145292,19.89667151,19.47261628,47.66946221,9.934200581,4.798520205,0.952259182,0.379258362,0.085919503,0.115681234,31.43,52.56,50,125,NA,NA,NA
Hrdy B,12,23,0,wheat,0,0,2,H,2,10,20,10,Brentwood,22.5,43.75,33.75,77.5,1.642931091,6.3,0.085655734,0.743019626,1.407264678,12.20730045,8.67448792,0.148375787,1.086619634,112.180279,22.24846854,20.94435153,16.12424915,42.0012116,9.000682593,4.666447368,0.104391461,0.588576212,0.068973295,0.155619597,6.42,49.29,40,175,NA,NA,NA
Hrdy B,12,23,0,wheat,0,0,2,H,3,10,20,10,Brentwood,20,47.5,32.5,80,1.642931091,6.24,0.088730124,0.75559055,1.457774789,12.41383207,8.515603487,0.163690435,1.093905866,112.9927671,234.2032071,16.91003356,10.99419463,39.45080537,9.034127517,4.366863905,0.109328542,0.376490112,0.235375045,0.15819209,15.77,32.86,20,140,NA,NA,NA
Hrdy B,12,23,0,wheat,0,4.5,2,R,1,10,20,10,Brentwood,20,46.25,33.75,80,1.423276014,6.7,0.094858476,0.797765688,1.350097931,11.35440769,8.41006228,0.130365272,1.055164484,75.09926672,284.0368271,16.7841203,10.12138346,41.43181955,8.538706767,4.852235904,0.228795365,0.495035149,0.099641612,0.096467391,9.42,53.68,25,185,NA,NA,NA
Hrdy B,12,23,0,wheat,0,4.5,2,R,2,10,20,10,Brentwood,23.75,45,31.25,76.25,1.423276014,6.89,0.101973942,0.771416711,1.451370664,10.97938902,7.564841493,0.161778341,1.040578173,103.8768906,401.1328669,15.59801958,10.41166416,40.32780874,6.878042169,5.863268608,0.163193163,0.368948674,0.081790884,0.101488498,8.77,14.89,45,200,NA,NA,NA
Hrdy B,12,23,0,wheat,0,4.5,2,R,3,10,20,10,Brentwood,25,42.5,32.5,75,1.423276014,6.58,0.10442828,0.76770342,1.486302656,10.92653863,7.351489677,0.172107254,1.038482606,102.9357646,49.39140607,12.69639776,7.971757189,34.30948083,7.456341853,4.601382488,0.096888988,0.264093092,0.048942246,0.126917713,13.03,38.1,20,175,NA,NA,NA
RB10E,13,20,0,tomato,0,0,3,H,1,10,20,10,Capay,23.5,31.5,45,76.5,1.745578171,6.61,0.097532251,1.060101201,1.702501686,18.50489516,10.86923749,0.231087551,1.267286629,160.8462839,644.7373149,14.01654531,12.7901699,59.97091424,13.35707929,4.489822434,0.151957504,0.749696355,0.125915784,0.135664336,9.91,84.36,20,75,NA,NA,NA
RB10E,13,20,0,tomato,0,0,3,H,2,10,20,10,Capay,21,34,45,79,1.745578171,6.65,0.112909297,1.182628791,1.970920036,20.64371002,10.47414895,0.294669004,1.31478775,162.5432475,732.5394073,13.1937037,13.25540895,59.00143519,16.13311728,3.657162726,0.194301586,0.655484338,0.14117464,0.10866575,8.73,45.59,10,55,NA,NA,NA
RB10E,13,20,0,tomato,0,0,3,H,3,10,20,10,Capay,21,34,45,79,1.745578171,6.54,0.088547538,0.914179995,1.545666501,15.95772644,10.32417176,0.189115795,1.202971016,152.5221364,777.6269683,10.56828885,8.641130298,49.2244898,17.32182104,2.841761827,0.189124424,0.750029636,0.155049789,0.115277778,10.65,92.17,10,55,NA,NA,NA
RB10E,13,20,0,tomato,0,4.5,3,R,1,10,20,10,Capay,22.25,36.5,41.25,77.75,1.48476224,6.7,0.066738771,0.561654387,0.990912078,8.339232255,8.415713602,-0.003964878,0.92112607,84.9499386,547.4431044,19.28342061,27.25847973,76.68963683,6.642922298,11.54456328,0.28676197,0.50742683,0.131600593,0.155492154,14.95,237.22,5,185,NA,NA,NA
RB10E,13,20,0,tomato,0,4.5,3,R,2,10,20,10,Capay,21,39,40,79,1.48476224,6.55,0.104366875,0.941724056,1.549599952,13.98236319,9.023208332,0.190219594,1.145580579,88.22457933,675.5866987,12.76083196,17.7133196,62.05210049,6.599423394,9.402654867,0.147214308,0.294041693,0.055778115,0.143864598,15.66,234,5,175,NA,NA,NA
RB10E,13,20,0,tomato,0,4.5,3,R,3,10,20,10,Capay,13.5,39,47.5,86.5,1.48476224,6.43,0.063025277,0.613705792,0.935775511,9.11207187,9.737454937,-0.028828324,0.959617137,63.8054504,583.0385472,14.03502439,16.41080488,61.97839024,8.11002439,7.642195296,0.14696531,0.32830859,0.064832255,0.135021097,13.35,228.31,10,175,NA,NA,NA
RB11E,14,20,0,tomato,0,0,3,H,1,10,20,10,Capay,16,36.5,47.5,84,1.794401563,6.18,0.07019762,0.634495027,1.259627198,11.38538868,9.038697085,0.100242029,1.056347861,122.4747624,727.7933483,25.08206896,21.46965517,165.842069,19.94896552,8.313316739,0.563606872,0.390434428,0.08288997,0.194444444,9.48,56.12,15,75,NA,NA,NA
RB11E,14,20,0,tomato,0,0,3,H,2,10,20,10,Capay,18.5,31.5,50,81.5,1.794401563,6.54,0.075006942,0.768149099,1.345925745,13.78367943,10.24104003,0.1290211,1.139365164,154.7336478,393.1961853,13.64756219,6.929303482,55.93859038,5.950290215,9.400985222,0.182114831,0.401862774,0.054149982,0.147100424,12.47,60.91,15,65,NA,NA,NA
RB11E,14,20,0,tomato,0,0,3,H,3,10,20,10,Capay,23.5,32.75,43.75,76.5,1.794401563,6.23,0.10145978,0.88429953,1.820595887,15.86788458,8.71576427,0.260213557,1.200519033,143.2751534,625.7530787,17.70477848,10.16693038,64.0888924,5.739303797,11.16666667,0.226141311,0.554918956,0.108691695,0.127071823,7.6,36.56,10,100,NA,NA,NA
RB11E,14,20,0,tomato,0,4.5,3,R,1,10,20,10,Capay,18.5,40.25,41.25,81.5,1.72161982,6.15,0.080410083,0.662212356,1.384355932,11.40077917,8.235439246,0.141247766,1.056934534,94.88421747,556.9352225,13.03391382,14.79707361,60.92084381,3.777324955,16.1280389,0.161171037,0.301129021,0.051160611,0.183284458,6.18,261.3,25,160,NA,NA,NA
RB11E,14,20,0,tomato,0,4.5,3,R,2,10,20,10,Capay,12.25,35.25,52.5,87.75,1.72161982,6.21,0.056364049,0.439027158,0.970374636,7.558378558,7.789134502,-0.013060564,0.87842864,63.1979561,590.1576358,12.78666667,17.16202703,59.84801802,7.158558559,8.360344828,0.17560192,0.389500983,0.06036252,0.189781022,6.65,221.37,20,140,NA,NA,NA
RB11E,14,20,0,tomato,0,4.5,3,R,3,10,20,10,Capay,18.5,27.75,53.75,81.5,1.72161982,6.19,0.064246221,0.530112074,1.106075673,9.126514533,8.251256904,0.043784841,0.96030495,72.30428294,499.9825139,11.90126748,14.19160839,60.63631993,6.719143357,9.024412297,0.215121595,0.362815805,0.055034885,0.176978417,20.63,255.83,15,125,NA,NA,NA
HRF-C,15,25,0,rye,0,0,3,H,1,10,20,10,Capay,14.75,31.5,53.75,85.25,1.563024266,6.38,0.112591303,1.121581661,1.759829394,17.53059352,9.961530125,0.245470567,1.24379662,140.5958037,369.46589,29.01838532,17.92950459,76.35078899,43.74774312,1.745250921,0.069151275,0.382770366,0.058948962,0.193786982,6.28,18.65,25,90,NA,NA,NA
HRF-C,15,25,0,rye,0,0,3,H,2,10,20,10,Capay,16,31.5,52.5,84,1.563024266,6.44,0.116696507,1.10766933,1.823994729,17.31314041,9.491880724,0.261023579,1.238375851,127.7854585,401.184,19.40382406,12.19897666,141.4428546,45.25506283,3.125459246,0.17400132,0.750805789,0.12028334,0.188046647,7.9,21.12,30,75,NA,NA,NA
HRF-C,15,25,0,rye,0,0,3,H,3,10,20,10,Capay,16,30.25,53.75,84,1.563024266,6.44,0.133126459,1.551694767,2.080798859,24.25336574,11.65579539,0.318230101,1.384772016,156.5604584,460.584,25.51958258,15.41372958,58.09176044,10.24100726,5.672465507,0.113069845,0.791203645,0.112662313,0.186115214,8.95,21.82,20,90,NA,NA,NA
HRF-C,15,25,0,rye,0,3,3,R,1,10,20,10,Capay,16,29,55,84,1.476566169,6.57,0.105676588,0.925892575,1.560384751,13.67141653,8.761567633,0.193231698,1.135813515,106.8307603,380.535244,16.47730892,11.35676752,60.26632165,18.96664013,3.177490649,0.096654591,0.533119722,0.092575478,0.224691358,3.07,16.96,60,185,NA,NA,NA
HRF-C,15,25,0,rye,0,3,3,R,2,10,20,10,Capay,18.5,29,52.5,81.5,1.476566169,6.42,0.108361163,0.920319316,1.600024267,13.58912367,8.493073478,0.20412657,1.133191451,102.5709421,537.9642816,18.37298077,11.58230769,72.00778846,16.10134615,4.472159518,0.173996523,0.831666206,0.139887567,0.174603175,1.67,15.46,80,180,NA,NA,NA
HRF-C,15,25,0,rye,0,3,3,R,3,10,20,10,Capay,13.5,32.75,53.75,86.5,1.476566169,6.39,0.102701827,0.970790275,1.51646043,14.33436078,9.452512243,0.180831082,1.156378331,123.1607003,329.904,19.8417357,27.15218935,121.5799605,52.42177515,2.31926447,0.110463707,0.654495928,0.133992742,0.227134146,3.27,49.87,60,175,NA,NA,NA
HRF-C2,16,25,0,rye,0,0,3,H,1,10,20,10,Capay,12.25,30.25,57.5,87.75,1.593755019,6.6,0.158183015,1.478912821,2.521049736,23.5702473,9.349378141,0.401581414,1.372364139,182.5897953,0.534118514,19.04629091,13.02709091,143.4348,34.80938182,4.120578778,0.459066224,1.311772683,0.214383661,0.195906433,2.4,9.08,30,80,NA,NA,NA
HRF-C2,16,25,0,rye,0,0,3,H,2,10,20,10,Capay,18.5,24,57.5,81.5,1.593755019,6.56,0.17431138,1.959775077,2.778096361,31.23401364,11.24295546,0.443747306,1.494627796,188.1102781,369.46589,18.45843023,11.15156977,81.83556201,10.8774031,7.523446659,0.136543484,0.584237031,0.090412555,0.215805471,8.15,19.88,50,100,NA,NA,NA
HRF-C2,16,25,0,rye,0,0,3,H,3,10,20,10,Capay,14.75,27.75,57.5,85.25,1.593755019,6.49,0.16601373,1.537774243,2.645852149,24.50835418,9.262934132,0.422565572,1.389314148,164.3324759,386.928,27.23132867,20.96475525,68.39104895,22.43818182,3.047976414,0.288270094,0.65037119,0.135741907,0.168604651,5.96,8.36,10,75,NA,NA,NA
HRF-C2,16,25,0,rye,0,3,3,R,1,10,20,10,Capay,16.25,30.75,53,83.75,1.587568619,6.78,0.098316388,0.875130311,1.560840115,13.89329419,8.901164225,0.193358418,1.142805232,116.4887625,232.488,18.19870968,16.14209677,55.33677419,12.37935484,4.47008547,0.063134429,0.377886841,0.076828203,0.243902439,22.75,663.78,75,150,NA,NA,NA
HRF-C2,16,25,0,rye,0,3,3,R,2,10,20,10,Capay,15.5,31.75,52.75,84.5,1.587568619,6.76,0.086104992,0.801580927,1.366975838,12.72564724,9.309343218,0.135760838,1.10467988,111.7052451,377.424,16.6997561,25.61902439,84.30512195,17.96585366,4.692519685,0.089005029,0.391282399,0.060353146,0.293103448,26.14,530.34,80,160,NA,NA,NA
HRF-C2,16,25,0,rye,0,3,3,R,3,10,20,10,Capay,12,30.75,57.25,88,1.587568619,6.81,0.11119179,1.080490726,1.765245957,17.1535317,9.717360707,0.246805225,1.234353549,126.1840776,308.52,19.76223176,41.4039485,78.35793991,27.69476395,2.829341317,0.086389043,0.335403571,0.054113165,0.276397516,23.7,612.88,90,180,NA,NA,NA
MER-3,17,20,0,wheat,0,0,3,H,1,10,20,10,Capay,16.5,34,49.5,83.5,1.770778476,7.4,0.110433688,1.234469563,1.955535976,21.85972133,11.17837851,0.29126581,1.339644621,224.1693786,494.5355816,27.98445082,12.02479508,75.97931967,13.57787705,5.595817328,0.07460687,0.872095091,0.082116224,0.137199434,39.68,141.79,40,90,NA,NA,NA
MER-3,17,20,0,wheat,0,0,3,H,2,10,20,10,Capay,12.75,34,53.25,87.25,1.770778476,7.5,0.166769748,1.961195151,2.953122801,34.72842162,11.75989756,0.470281507,1.540685045,255.6169816,456.5354691,53.78735484,72.11612904,120.2410323,73.36258065,1.638996764,0.24561908,2.073931618,0.21995042,0.157608696,24.41,63.19,30,105,NA,NA,NA
MER-3,17,20,0,wheat,0,0,3,H,3,10,20,10,Capay,15.25,35.25,49.5,84.75,1.770778476,7.4,0.189337303,2.087519085,3.352744213,36.96533865,11.02539779,0.525400422,1.567794689,293.5291536,744.2506069,31.83208674,33.84522913,47.3553928,53.08063012,0.892140743,0.07978546,0.641701008,0.075078957,0.140646976,30.11,55.75,30,100,NA,NA,NA
MER-3,17,20,0,wheat,0,4.5,3,R,1,10,20,10,Capay,13.5,34,52.5,86.5,1.599427821,7.3,0.150351125,1.22621816,2.404757725,19.6124744,8.155696599,0.381071329,1.29253239,191.4480019,493.848,42.79688572,89.13628572,43.2174,2.102571429,20.55454545,0.107433514,0.733941395,0.078779119,0.215246637,1.62,316.96,80,110,NA,NA,NA
MER-3,17,20,0,wheat,0,4.5,3,R,2,10,20,10,Capay,6.5,39,54.5,93.5,1.599427821,7.4,0.1579615,1.584590576,2.526480184,25.34438252,10.03149863,0.402515896,1.403881715,203.9066151,512.856,37.16875,67.75,70.26875,17.0625,4.118315018,0.092385207,0.670889174,0.073618506,0.2,34.04,603.93,100,110,NA,NA,NA
MER-3,17,20,0,wheat,0,4.5,3,R,3,10,20,10,Capay,11.5,36.5,52,88.5,1.599427821,7.4,0.13185255,1.365056793,2.108886365,21.83309813,10.35290402,0.324053179,1.339115367,182.2494392,500.976,26.1955706,40.60410058,26.95560928,53.31220503,0.505617978,0.148406204,0.554454939,0.05396051,0.223723724,2.73,384.35,65,130,NA,NA,NA
Butler C,18,15,0,wheat,0,0,3,H,1,10,20,10,Capay,12.5,37.5,50,87.5,1.691397621,6.1,0.125957512,1.133188463,2.130442365,19.16672271,8.996592923,0.32846979,1.28254786,186.1472084,543.3928692,10.70836585,5.120429268,77.60504878,9.126302439,8.503449157,0.192063192,0.792908568,0.055673731,0.142259414,6.29,23.36,80,120,NA,NA,NA
Butler C,18,15,0,wheat,0,0,3,H,2,10,20,10,Capay,15,33.75,51.25,85,1.691397621,6.06,0.137953214,1.383769423,2.333337387,23.40504311,10.03071534,0.36797754,1.369309445,186.5680219,418.5353565,10.71575221,5.402930974,71.29628319,9.02680354,7.898286793,0.132524003,0.576170959,0.049658326,0.17877907,3.01,5.56,35,75,NA,NA,NA
Butler C,18,15,0,wheat,0,0,3,H,3,10,20,10,Capay,12.5,35,52.5,87.5,1.691397621,6.03,0.13351863,1.267078352,2.258330934,21.43133311,9.489899283,0.353787583,1.331049187,147.6279188,49.39140607,21.12,4.533714286,98.25142857,9.569142857,10.26752657,0.171143646,0.909991765,0.090980772,0.125,8.95,11.27,50,80,NA,NA,NA
Butler C,18,15,0,wheat,0,4.5,3,R,1,10,20,10,Capay,11.25,36.25,52.5,88.75,1.783941116,6.28,0.075111531,0.898448502,1.339945492,16.02779222,11.96152553,0.127087132,1.204873704,133.6283475,163.3917437,21.3640553,15.99493088,37.78064516,6.369861751,5.931156222,0.111795746,0.400756725,0.046262427,0.110655738,6.16,11.25,15,85,NA,NA,NA
Butler C,18,15,0,wheat,0,4.5,3,R,2,10,20,10,Capay,11.75,38.25,50,88.25,1.783941116,6.32,0.089854903,0.863839496,1.602958555,15.41038794,9.613715775,0.204922294,1.187813572,121.6328579,190.5346812,14.2449359,4.578400641,38.31059295,15.58083013,2.458828742,0.096110496,0.516963848,0.049167591,0.13091922,5.92,6.67,0,120,NA,NA,NA
Butler C,18,15,0,wheat,0,4.5,3,R,3,10,20,10,Capay,11.25,33.75,55,88.75,1.783941116,6.2,0.098359118,1.010398319,1.754668745,18.02491105,10.27254352,0.24419514,1.25587313,123.7549996,342.5351314,22.09953344,8.135108865,32.39385692,11.29782271,2.867265469,0.09645737,0.623624677,0.081395446,0.113103448,9.94,18.49,15,100,NA,NA,NA
HRF-Co,19,25,0,poppies,0,0,4,H,1,10,20,10,Corning,33,44.75,22.25,67,1.586975734,5.39,0.131933829,1.582495559,2.093757848,25.11382051,11.99461558,0.320926452,1.399912786,127.4486432,479.592,36.18576147,50.99521101,88.04047707,30.99781652,2.84021544,0.376536794,0.652623407,0.07403275,0.191394659,10.85,11.59,25,95,NA,NA,NA
HRF-Co,19,25,0,poppies,0,0,4,H,2,10,20,10,Corning,38,41,21,62,1.586975734,5.32,0.061759045,0.683267393,0.980101056,10.84328773,11.06343847,-0.008729143,1.035160982,69.72665826,432.072,28.70426175,25.07647651,57.57342282,9.817399329,5.864427115,0.223548492,0.539558384,0.116243587,0.150997151,49.51,107.68,40,100,NA,NA,NA
HRF-Co,19,25,0,poppies,0,0,4,H,3,10,20,10,Corning,35.5,42.25,22.25,64.5,1.586975734,5.4,0.081556846,1.016155495,1.294287358,16.12614112,12.45947511,0.112030709,1.207530456,109.6033637,462.96,26.8918802,19.64542429,69.04131447,10.26385191,6.726647564,0.155549175,0.505936451,0.069121669,0.149929279,36.06,134.75,50,85,NA,NA,NA
HRF-Co,19,25,0,poppies,0,3,4,R,1,10,20,10,Corning,37.75,37.5,24.75,62.25,1.32785395,5.29,0.055329184,0.50816067,0.73469076,6.747631526,9.184315215,-0.133895422,0.829151359,33.23789257,289.512,19.10835596,13.83861237,30.78260935,2.441131222,12.60997732,0.135477971,0.363343006,0.067321911,0.096730245,43.19,580.36,85,150,NA,NA,NA
HRF-Co,19,25,0,poppies,0,3,4,R,2,10,20,10,Corning,35,45.25,19.75,65,1.32785395,5.28,0.058052425,0.576906259,0.770851422,7.660472556,9.937677142,-0.113029322,0.884255561,41.34075701,282.384,19.97453149,10.51646697,24.37703533,2.961274962,8.231939163,0.097542843,0.326409775,0.048354745,0.111869031,64.71,714.51,100,160,NA,NA,NA
HRF-Co,19,25,0,poppies,0,3,4,R,3,10,20,10,Corning,37.75,44.75,17.5,62.25,1.32785395,5.32,0.078006264,0.851040376,1.035809263,11.30057325,10.90989785,0.01527979,1.053100475,48.53268878,389.304,20.93784,12.510792,27.017312,1.430464,18.88709677,0.062594619,0.343339362,0.05666051,0.133148405,52.36,773.73,85,150,NA,NA,NA
Muller Co,20,9,0,grapes,0,0,4,H,1,10,20,10,Corning,33,51,16,67,1.573971669,5.55,0.123259637,1.402509307,1.940071763,22.07509914,11.37849618,0.287817795,1.343902663,65.96290055,380.535244,41.36511628,21.45433404,47.51860465,13.10465116,3.626086957,0.209061895,1.12361879,0.204388532,0.034693878,NA,NA,NA,NA,NA,NA,NA
Muller Co,20,9,0,grapes,0,0,4,H,2,10,20,10,Corning,29.5,53.5,17,70.5,1.573971669,5.56,0.138044764,1.543379939,2.172785469,24.29236298,11.18028601,0.337016848,1.385469762,93.11889601,874.536707,23.05835831,9.078010899,87.15206403,43.12581744,2.020879121,0.148515249,0.875440002,0.089796587,0.050452781,NA,NA,NA,NA,NA,NA,NA
Muller Co,20,9,0,grapes,0,0,4,H,3,10,20,10,Corning,33,46,21,67,1.573971669,5.21,0.075298655,0.569335757,1.185179495,8.961183511,7.561034887,0.073784129,0.952365371,55.06284334,239.3919688,260.845666,56.20634249,178.2139535,47.86976744,3.722891566,0.556132263,1.302558363,0.366266235,0.046370968,NA,NA,NA,NA,NA,NA,NA
Muller Co,20,9,0,grapes,0,4,4,R,1,10,20,10,Corning,31.75,51.25,17,68.25,1.605812691,5.41,0.081073507,0.623459871,1.301888666,10.01159774,7.690056756,0.114573846,1.000503391,56.08806761,592.2501567,157.6360809,87.76951788,83.15303266,1.91415241,43.44117647,0.10364164,0.335559882,0.062989889,0.111878453,NA,NA,NA,NA,NA,NA,NA
Muller Co,20,9,0,grapes,0,4,4,R,2,10,20,10,Corning,30.75,52,17.25,69.25,1.605812691,5.32,0.077849548,0.558391454,1.250117918,8.966720839,7.172700039,0.09695098,0.952633649,37.1042876,255.6777313,43.55051569,36.01076233,24.98782511,4.501345291,5.551190476,0.07169564,0.881617314,0.089675737,0.066945607,NA,NA,NA,NA,NA,NA,NA
Muller Co,20,9,0,grapes,0,4,4,R,3,10,20,10,Corning,25.5,56,18.5,74.5,1.605812691,5.62,0.078281296,0.596052938,1.257050978,9.571493725,7.614244682,0.09935289,0.980979719,54.11607376,119.9630437,14.51277143,9.635528571,93.95451429,80.44747143,1.167898911,0.05206478,0.256320486,0.042464761,0.075297226,NA,NA,NA,NA,NA,NA,NA
Gilmer,21,10,0,oat hay,1,0,4,H,1,10,20,10,Corning,39.5,48.25,12.25,60.5,1.308663485,5.53,0.061866997,0.647703073,0.809630794,8.476253607,10.46928263,-0.091712982,0.928203942,55.82046332,320.8207814,14.27638028,15.01205634,60.89052113,36.87976056,1.651055218,0.149376444,0.770514801,0.152018836,0.062087186,27.75,69.31,25,95,NA,NA,NA
Gilmer,21,10,0,oat hay,1,0,4,H,2,10,20,10,Corning,44,42.5,13.5,56,1.308663485,5.37,0.081488239,0.872902634,1.066406832,11.42335804,10.71200755,0.027922919,1.057793789,86.40920716,402.249594,17.23629808,15.42,63.99405907,30.358125,2.107971394,0.14121727,1.205197895,0.155483699,0.055771725,11.46,29.83,20,85,NA,NA,NA
Gilmer,21,10,0,oat hay,1,0,4,H,3,10,20,10,Corning,44,42.5,13.5,56,1.308663485,5.36,0.083144107,0.783964983,1.088076562,10.25946347,9.428990405,0.036659455,1.011124649,84.20778362,315.3921939,15.06914074,18.55298519,38.11865185,9.46637037,4.026744186,0.232680091,0.87005599,0.21941208,0.091520861,41.04,81.38,50,120,NA,NA,NA
Gilmer,21,10,0,oat hay,1,0,4,R,1,10,20,10,Corning,43.25,45.75,11,56.75,1.475696286,5.08,0.088076843,0.878875332,1.299746705,12.96953063,9.978506257,0.113858725,1.112924259,58.47580453,418.5353565,16.27563636,12.16072727,90.55587879,47.33260606,1.913181765,0.333271431,1.462110512,0.402935701,0.10326087,57.55,120.22,50,100,NA,NA,NA
Gilmer,21,10,0,oat hay,1,0,4,R,2,10,20,10,Corning,38,51,11,62,1.475696286,5.01,0.071796925,0.709372298,1.059504556,10.46818066,9.880260162,0.025102829,1.019871209,54.22167743,22.24846854,13.91776504,10.96633238,210.7160458,71.51131805,2.946611132,0.238713166,0.747131909,0.154839314,0.076719577,42.06,98.29,40,95,NA,NA,NA
Gilmer,21,10,0,oat hay,1,0,4,R,3,10,20,10,Corning,46.5,45,8.5,53.5,1.475696286,4.95,0.087773267,0.987177273,1.295266844,14.56773836,11.2469013,0.112359249,1.163392133,53.04910781,244.8205563,100.734551,82.84238965,40.66400304,29.21077625,1.392089094,0.281923855,0.829424191,0.143607709,0.108548168,49.33,103.61,55,115,NA,NA,NA