index,sample_name,filename,data,time,type,weight,nitrogen,carbon
1,dummy           ,cw051602,5/19/00,09:28   ,By-Pass,,0.00,0.00
2,blank           ,cw051603,5/19/00,09:34   ,Blank,,0.00,0.00
3,atro-0.4        ,cw051604,5/19/00,09:40   ,STD,0.544,4.84,70.56
4,atro-1.0        ,cw051605,5/19/00,09:46   ,STD,1.075,4.84,70.56
5,atro-2.0        ,cw051606,5/19/00,09:52   ,STD,2.168,4.84,70.56
6,atro-3.0        ,cw051607,5/19/00,09:59   ,STD,3.072,4.84,70.56
7,atro-unk        ,cw0516a7,5/19/00,10:12   ,UNK,1.588,4.85,70.73
8,WR 3-2 50-100   ,cw051608,5/19/00,10:44   ,UNK,27.966,0.07,0.49
9,WR 3-2 50-100   ,cw051609,5/19/00,10:50   ,UNK,27.233,0.07,0.49
10,WR 3-1 10-30    ,cw051610,5/19/00,10:56   ,UNK,25.587,0.19,2.09
11,WR 3-1 10-30    ,cw051611,5/19/00,11:02   ,UNK,25.834,0.20,2.12
12,WR 3-1 30-50    ,cw051612,5/19/00,11:08   ,UNK,26.458,0.12,1.38
13,WR 3-1 30-50    ,cw051613,5/19/00,11:14   ,UNK,26.045,0.12,1.33
14,WR 3-1 0-10     ,cw051614,5/19/00,11:20   ,UNK,26.12,0.30,3.34
15,WR 3-1 0-10     ,cw051615,5/19/00,11:26   ,UNK,25.848,0.31,3.49
16,WR 3-2 0-10     ,cw051616,5/19/00,11:32   ,UNK,25.474,0.34,3.91
17,WR 3-2 0-10     ,cw051617,5/19/00,11:38   ,UNK,27.05,0.33,3.84
18,atro-unk        ,cw051618,5/19/00,11:44   ,UNK,2.763,4.90,71.12
19,WR 3-2 10-30    ,cw051619,5/19/00,11:50   ,UNK,29.847,0.21,2.23
20,WR 3-2 10-30    ,cw051620,5/19/00,11:56   ,UNK,26.919,0.22,2.27
21,WR3-2 30-50     ,cw051621,5/19/00,12:02   ,UNK,26.911,0.15,1.39
22,WR3-2 30-50     ,cw051622,5/19/00,12:08   ,UNK,25.544,0.15,1.41
23,WR3-3 0-10      ,cw051623,5/19/00,12:14   ,UNK,27.147,0.30,3.22
24,WR3-3 0-10      ,cw051624,5/19/00,12:20   ,UNK,25.413,0.30,3.18
25,WR3-3 10-30     ,cw051625,5/19/00,12:27   ,UNK,27.289,0.24,2.48
26,WR3-3 10-30     ,cw051626,5/19/00,12:33   ,UNK,28.053,0.24,2.50
27,WR3-3 30-50     ,cw051627,5/19/00,12:39   ,UNK,28.133,0.11,0.95
28,WR3-3 30-50     ,cw051628,5/19/00,12:45   ,UNK,25.394,0.11,0.98
29,atro-unk        ,cw051629,5/19/00,12:51   ,UNK,0.824,4.98,71.46
30,WR3-3 50-100a   ,cw051630,5/19/00,12:57   ,UNK,30.643,0.06,0.44
31,WR3-3 50-100a   ,cw051631,5/19/00,13:03   ,UNK,28.911,0.06,0.45
32,WR3-3 50-100b   ,cw051632,5/19/00,13:09   ,UNK,25.249,0.06,0.53
33,WR3-3 50-100b   ,cw051633,5/19/00,13:15   ,UNK,30.461,0.06,0.55
34,WR3-3 50-100c   ,cw051634,5/19/00,13:21   ,UNK,27.693,0.08,0.74
35,WR3-3 50-100c   ,cw051635,5/19/00,13:27   ,UNK,26.031,0.08,0.74
36,WR3-4 0-10      ,cw051636,5/19/00,13:33   ,UNK,25.866,0.27,2.87
37,WR3-4 0-10      ,cw051637,5/19/00,13:39   ,UNK,27.014,0.28,2.96
38,WR3-4 10-30     ,cw051638,5/19/00,13:45   ,UNK,25.714,0.21,2.20
39,WR3-4 10-30     ,cw051639,5/19/00,13:51   ,UNK,27.592,0.22,2.22
40,atro-unk        ,cw051640,5/19/00,13:57   ,UNK,1.391,4.90,71.35
41,WR3-4 30-50     ,cw051641,5/19/00,14:03   ,UNK,26.714,0.13,1.12
42,WR3-4 30-50     ,cw051642,5/19/00,14:09   ,UNK,26.541,0.13,1.19
43,WR3-4 50-100a   ,cw051643,5/19/00,14:15   ,UNK,26.962,0.09,0.44
44,WR3-4 50-100a   ,cw051644,5/19/00,14:21   ,UNK,25.256,0.09,0.45
45,WR3-4 50-100b   ,cw051645,5/19/00,14:27   ,UNK,25.949,0.07,0.44
46,WR3-4 50-100b   ,cw051646,5/19/00,14:33   ,UNK,25.284,0.07,0.44
47,WR3-5 0-10      ,cw051647,5/19/00,14:39   ,UNK,28.652,0.28,3.27
48,WR3-5 0-10      ,cw051648,5/19/00,14:45   ,UNK,26.607,0.28,3.15
49,WR3-5 10-30     ,cw051649,5/19/00,14:51   ,UNK,26.546,0.19,2.09
50,WR3-5 10-30     ,cw051650,5/19/00,14:58   ,UNK,28.895,0.19,2.10
51,atro-unk        ,cw051651,5/19/00,15:04   ,UNK,0.828,4.92,71.07
52,WR3-5 30-50     ,cw051652,5/19/00,15:10   ,UNK,25.661,0.12,1.14
53,WR3-5 30-50     ,cw051653,5/19/00,15:16   ,UNK,27.454,0.06,0.43
54,WR3-5 50-100    ,cw051654,5/19/00,15:22   ,UNK,25.839,0.06,0.52
55,WR3-5 50-100    ,cw051655,5/19/00,15:28   ,UNK,27.699,0.32,3.51
56,WR1-1 0-10      ,cw051656,5/19/00,15:34   ,UNK,27.046,0.32,3.56
57,WR1-1 0-10      ,cw051657,5/19/00,15:40   ,UNK,27.004,0.12,1.17
58,WR1-1 10-30     ,cw051658,5/19/00,15:46   ,UNK,25.25,0.21,2.16
59,WR1-1 10-30     ,cw051659,5/19/00,15:52   ,UNK,28.725,0.21,2.20
60,WR1-1 30-50     ,cw051660,5/19/00,15:58   ,UNK,25.085,0.12,1.11
61,WR1-1 30-50     ,cw051661,5/19/00,16:04   ,UNK,25.765,0.12,1.12
62,atro-unk        ,cw051662,5/19/00,16:10   ,UNK,2.454,4.90,71.24
63,WR1-1 50-100    ,cw051663,5/19/00,16:16   ,UNK,26.206,0.07,0.65
64,WR1-1 50-100    ,cw051664,5/19/00,16:22   ,UNK,26.02,0.07,0.69
65,WR1-2 0-10      ,cw051665,5/19/00,16:28   ,UNK,26.499,0.32,3.58
66,WR1-2 0-10      ,cw051666,5/19/00,16:34   ,UNK,26.783,0.32,3.57
67,WR1-2 10-30     ,cw051667,5/19/00,16:40   ,UNK,26.45,0.30,3.32
68,WR1-2 10-30     ,cw051668,5/19/00,16:46   ,UNK,25.509,0.30,3.25
69,WR1-2 30-50     ,cw051669,5/19/00,16:52   ,UNK,26.619,0.19,1.96
70,WR1-2 30-50     ,cw051670,5/19/00,16:58   ,UNK,29.278,0.19,1.95
71,WR1-2 50-100    ,cw051671,5/19/00,17:04   ,UNK,25.964,0.09,0.67
72,WR1-2 50-100    ,cw051672,5/19/00,17:10   ,UNK,30.083,0.09,0.69
73,atro-unk        ,cw051673,5/19/00,17:16   ,UNK,1.837,4.88,71.28
74,WR1-3 0-10      ,cw051674,5/19/00,17:22   ,UNK,28.959,0.31,3.56
75,WR1-3 0-10      ,cw051675,5/19/00,17:29   ,UNK,25.163,0.31,3.55
76,WR1-3 10-30     ,cw051676,5/19/00,17:35   ,UNK,25.935,0.22,2.27
77,WR1-3 10-30     ,cw051677,5/19/00,17:41   ,UNK,25.23,0.22,2.23
78,WR1-3 30-50     ,cw051678,5/19/00,17:47   ,UNK,26.963,0.07,0.96
79,WR1-3 30-50     ,cw051679,5/19/00,17:53   ,UNK,30.127,0.11,0.99
80,WR1-3 50-100    ,cw051680,5/19/00,17:59   ,UNK,28.601,0.06,0.50
81,WR1-3 50-100    ,cw051681,5/19/00,18:05   ,UNK,25.028,0.06,0.50
82,WR1-4 0-10      ,cw051682,5/19/00,18:11   ,UNK,26.515,0.30,3.25
83,WR1-4 0-10      ,cw051683,5/19/00,18:17   ,UNK,25.677,0.30,3.34
84,atro-unk        ,cw051684,5/19/00,18:23   ,UNK,0.827,4.89,71.26
1,dummy           ,cw052001,5/20/00,11:39   ,By-Pass,,0.00,0.00
2,blank           ,cw052002,5/20/00,11:45   ,Blank,,0.00,0.00
3,atro-0.4        ,cw052003,5/20/00,11:51   ,STD,0.596,4.84,70.56
4,atro-1.0        ,cw052004,5/20/00,11:57   ,STD,1.101,4.84,70.56
5,atro-2.0        ,cw052005,5/20/00,12:03   ,STD,2.14,4.84,70.56
6,atro-3.0        ,cw052006,5/20/00,12:09   ,STD,3.081,4.84,70.56
7,atro-unk        ,cw052007,5/20/00,12:15   ,UNK,2.662,4.86,70.86
8,WR 1-4 10-30    ,cw052008,5/20/00,12:30   ,UNK,25.766,0.22,2.30
9,WR 1-4 10-30    ,cw052009,5/20/00,12:36   ,UNK,28.305,0.22,2.36
10,WR 1-4 30-50    ,cw052010,5/20/00,12:42   ,UNK,26.35,0.13,1.18
11,WR 1-4 30-50    ,cw052011,5/20/00,12:48   ,UNK,27.56,0.13,1.18
12,WR 1-4 50-100   ,cw052012,5/20/00,12:54   ,UNK,28.901,0.06,0.48
13,WR 1-4 50-100   ,cw052013,5/20/00,13:00   ,UNK,26.925,0.06,0.47
14,WR 1-5 0-10     ,cw052014,5/20/00,13:06   ,UNK,26.392,0.29,3.41
15,WR 1-5 0-10     ,cw052015,5/20/00,13:12   ,UNK,25.664,0.22,2.43
16,WR 1-5 10-30    ,cw052016,5/20/00,13:18   ,UNK,26.151,0.22,2.32
17,WR 1-5 10-30    ,cw052017,5/20/00,13:24   ,UNK,28.454,0.22,2.34
18,atro-unk        ,cw052018,5/20/00,13:30   ,UNK,0.772,4.97,71.34
19,WR 1-5 30-50    ,cw052019,5/20/00,13:36   ,UNK,27.736,0.11,1.08
20,WR 1-5 30-50    ,cw052020,5/20/00,13:42   ,UNK,27.61,0.11,1.08
21,WR 1-5 50-100   ,cw052021,5/20/00,13:48   ,UNK,27.718,0.05,0.52
22,WR 1-5 50-100   ,cw052022,5/20/00,13:54   ,UNK,27.51,0.05,0.53
23,WR 2-1 0-10     ,cw052023,5/20/00,14:00   ,UNK,28.792,0.27,3.48
24,WR 2-1 0-10     ,cw052024,5/20/00,14:06   ,UNK,26.882,0.27,3.37
25,WR 2-1 10-30    ,cw052025,5/20/00,14:12   ,UNK,30.319,0.19,2.13
26,WR 2-1 10-30    ,cw052026,5/20/00,14:18   ,UNK,27.013,0.19,2.17
27,WR 2-1 30-50    ,cw052027,5/20/00,14:25   ,UNK,30.108,0.15,1.60
28,WR 2-1 30-50    ,cw052028,5/20/00,14:31   ,UNK,29.22,0.15,1.61
29,atro-unk        ,cw052029,5/20/00,14:37   ,UNK,2.566,4.89,71.02
30,WR 2-1 50-100   ,cw052030,5/20/00,14:43   ,UNK,25.015,0.10,1.08
31,WR 2-1 50-100   ,cw052031,5/20/00,14:49   ,UNK,28.84,0.10,1.12
32,WR 2-2 0-10     ,cw052032,5/20/00,14:55   ,UNK,30.827,0.24,2.99
33,WR 2-2 0-10     ,cw052033,5/20/00,15:01   ,UNK,30.601,0.25,3.15
34,WR 2-2 10-30    ,cw052034,5/20/00,15:07   ,UNK,28.854,0.16,1.69
35,WR 2-2 10-30    ,cw052035,5/20/00,15:13   ,UNK,25.425,0.15,1.56
36,WR 2-2 30-50    ,cw052036,5/20/00,15:19   ,UNK,29.156,0.13,1.29
37,WR 2-2 30-50    ,cw052037,5/20/00,15:25   ,UNK,28.897,0.12,1.25
38,WR 2-2 50-100   ,cw052038,5/20/00,15:31   ,UNK,26.755,0.07,0.61
39,WR 2-2 50-100   ,cw052039,5/20/00,15:37   ,UNK,29.317,0.06,0.60
40,atro-unk        ,cw052040,5/20/00,15:43   ,UNK,1.883,4.88,71.05
41,WR 2-3 0-10     ,cw052041,5/20/00,15:49   ,UNK,29.632,0.29,3.85
42,WR 2-3 0-10     ,cw052042,5/20/00,15:55   ,UNK,28.29,0.33,4.49
43,WR 2-3 10-30    ,cw052043,5/20/00,16:01   ,UNK,27.267,0.18,1.99
44,WR 2-3 10-30    ,cw052044,5/20/00,16:07   ,UNK,28.055,0.17,1.99
45,WR 2-3 30-50    ,cw052045,5/20/00,16:13   ,UNK,30.557,0.12,1.42
46,WR 2-3 30-50    ,cw052046,5/20/00,16:19   ,UNK,29.874,0.12,1.29
47,WR 2-3 50-100   ,cw052047,5/20/00,16:25   ,UNK,30.07,0.09,1.01
48,WR 2-3 50-100   ,cw052048,5/20/00,16:31   ,UNK,27.44,0.09,1.01
49,WR 2-4 0-10     ,cw052049,5/20/00,16:37   ,UNK,29.558,0.34,4.59
50,WR 2-4 0-10     ,cw052050,5/20/00,16:43   ,UNK,27.207,0.34,4.51
51,atro-unk        ,cw052051,5/20/00,16:49   ,UNK,3.106,4.89,70.98
52,WR 2-4 10-30    ,cw052052,5/20/00,16:56   ,UNK,27.543,0.18,2.11
53,WR 2-4 10-30    ,cw052053,5/20/00,17:02   ,UNK,30.184,0.18,2.06
54,WR 2-4 30-50    ,cw052054,5/20/00,17:08   ,UNK,26.985,0.15,1.76
55,WR 2-4 30-50    ,cw052055,5/20/00,17:14   ,UNK,27.469,0.15,1.85
56,WR 2-4 50-100   ,cw052056,5/20/00,17:20   ,UNK,30.294,0.11,1.19
57,WR 2-4 50-100   ,cw052057,5/20/00,17:26   ,UNK,25.334,0.11,1.20
58,WR 2-5 0-10     ,cw052058,5/20/00,17:32   ,UNK,29.416,0.27,3.03
59,WR 2-5 0-10     ,cw052059,5/20/00,17:38   ,UNK,27.498,0.26,3.02
60,WR 2-5 10-30    ,cw052060,5/20/00,17:44   ,UNK,28.209,0.16,1.74
61,WR 2-5 10-30    ,cw052061,5/20/00,17:50   ,UNK,28.608,0.15,1.71
62,atro-unk        ,cw052062,5/20/00,17:56   ,UNK,1.519,4.89,71.31
63,WR 2-5 30-50    ,cw052063,5/20/00,18:02   ,UNK,28.984,0.13,1.44
64,WR 2-5 30-50    ,cw052064,5/20/00,18:08   ,UNK,29.073,0.13,1.43
65,WR 2-5 50-100   ,cw052065,5/20/00,18:14   ,UNK,29.404,0.09,0.95
66,WR 2-5 50-100   ,cw052066,5/20/00,18:20   ,UNK,26.953,0.09,0.89
67,WR 4-1 0-10     ,cw052067,5/20/00,18:26   ,UNK,28.252,0.20,2.07
68,WR 4-1 0-10     ,cw052068,5/20/00,18:32   ,UNK,29.915,0.20,2.08
69,WR 4-1 10-30    ,cw052069,5/20/00,18:38   ,UNK,26.763,0.12,1.14
70,WR 4-1 10-30    ,cw052070,5/20/00,18:44   ,UNK,28.919,0.12,1.19
71,WR 4-1 30-50    ,cw052071,5/20/00,18:50   ,UNK,27.365,0.10,0.87
72,WR 4-1 30-50    ,cw052072,5/20/00,18:56   ,UNK,26.568,0.10,0.89
73,atro-unk        ,cw052073,5/20/00,19:02   ,UNK,0.809,4.85,70.67
74,WR 4-1 50-100   ,cw052074,5/20/00,19:08   ,UNK,26.383,0.10,1.05
75,WR 4-1 50-100   ,cw052075,5/20/00,19:14   ,UNK,26.544,0.09,0.98
76,WR 4-2 0-10     ,cw052076,5/20/00,19:20   ,UNK,26.188,0.23,2.54
77,WR 4-2 0-10     ,cw052077,5/20/00,19:27   ,UNK,26.497,0.23,2.52
78,WR 4-2 10-30    ,cw052078,5/20/00,19:33   ,UNK,26.587,0.07,2.06
79,WR 4-2 10-30    ,cw052079,5/20/00,19:39   ,UNK,26.86,0.19,2.09
80,WR 4-2 30-50    ,cw052080,5/20/00,19:45   ,UNK,27.032,0.07,0.51
81,WR 4-2 30-50    ,cw052081,5/20/00,19:51   ,UNK,28.991,0.06,0.48
82,WR 4-2 50-100   ,cw052082,5/20/00,19:57   ,UNK,30.005,0.10,1.17
83,WR 4-2 50-100   ,cw052083,5/20/00,20:03   ,UNK,26.307,0.11,1.16
84,atro-unk        ,cw052084,5/20/00,20:09   ,UNK,2.215,4.85,70.49
1,dummy           ,cw052301,5/23/00,08:19   ,By-Pass,,0.00,0.00
2,blank           ,cw052302,5/23/00,08:25   ,Blank,,0.00,0.00
3,atro-0.4        ,cw052303,5/23/00,08:31   ,STD,0.498,4.84,70.56
4,atro-1.0        ,cw052304,5/23/00,08:37   ,STD,1.121,4.84,70.56
5,atro-2.0        ,cw052305,5/23/00,08:44   ,STD,2.426,4.84,70.56
6,atro-3.0        ,cw052306,5/23/00,08:50   ,STD,3.256,4.84,70.56
7,atro-unk        ,cw052307,5/23/00,08:56   ,UNK,1.591,4.84,70.86
8,WR 4-3 0-10     ,cw052308,5/23/00,09:16   ,UNK,25.486,0.29,3.27
9,WR 4-3 0-10     ,cw052309,5/23/00,09:22   ,UNK,25.062,0.29,3.26
10,WR 4-3 10-30    ,cw052310,5/23/00,09:28   ,UNK,27,0.17,1.85
11,WR 4-3 10-30    ,cw052311,5/23/00,09:34   ,UNK,28.48,0.17,1.80
12,WR 4-3 30-50    ,cw052312,5/23/00,09:41   ,UNK,28.215,0.11,1.23
13,WR 4-3 30-50    ,cw052313,5/23/00,09:47   ,UNK,27.882,0.11,1.23
14,WR 4-3 50-100   ,cw052314,5/23/00,09:53   ,UNK,26.157,0.11,1.25
15,WR 4-3 50-100   ,cw052315,5/23/00,09:59   ,UNK,26.051,0.11,1.20
16,WR 4-4 0-10     ,cw052316,5/23/00,10:05   ,UNK,30.256,0.26,2.89
17,WR 4-4 0-10     ,cw052317,5/23/00,10:11   ,UNK,29.707,0.26,2.84
18,atro-unk        ,cw052318,5/23/00,10:17   ,UNK,1.635,4.82,70.40
19,WR 4-4 10-30    ,cw052319,5/23/00,10:23   ,UNK,27.736,0.17,1.78
20,WR 4-4 10-30    ,cw052320,5/23/00,10:29   ,UNK,28.247,0.16,1.75
21,WR 4-4 30-50    ,cw052321,5/23/00,10:35   ,UNK,30.539,0.13,1.39
22,WR 4-4 30-50    ,cw052322,5/23/00,10:41   ,UNK,30.021,0.13,1.33
23,WR 4-4 50-100   ,cw052323,5/23/00,10:47   ,UNK,27.126,0.11,1.21
24,WR 4-4 50-100   ,cw052324,5/23/00,10:53   ,UNK,29.419,0.11,1.20
25,WR 4-5 0-10     ,cw052325,5/23/00,10:59   ,UNK,27.484,0.28,3.08
26,WR 4-5 0-10     ,cw052326,5/23/00,11:05   ,UNK,25.168,0.28,3.04
27,WR 4-5 10-30    ,cw052327,5/23/00,11:11   ,UNK,26.182,0.13,1.35
28,WR 4-5 10-30    ,cw052328,5/23/00,11:17   ,UNK,28.397,0.13,1.37
29,atro-unk        ,cw052329,5/23/00,11:23   ,UNK,0.988,4.79,70.16
30,WR 4-5 30-50    ,cw052330,5/23/00,11:29   ,UNK,30.571,0.11,1.25
31,WR 4-5 30-50    ,cw052331,5/23/00,11:35   ,UNK,29.274,0.11,1.23
32,WR 4-5 50-100   ,cw052332,5/23/00,11:41   ,UNK,28.64,0.10,1.07
33,WR 4-5 50-100   ,cw052333,5/23/00,11:47   ,UNK,30.671,0.09,1.05
34,WR 3-5 30-50    ,cw052334,5/23/00,11:53   ,UNK,25.191,0.12,1.13
35,WR 3-5 30-50    ,cw052335,5/23/00,11:59   ,UNK,26.933,0.11,1.12
36,WR 3-1 50-100   ,cw052336,5/23/00,12:06   ,UNK,28.422,0.05,0.45
37,WR 3-1 50-100   ,cw052337,5/23/00,12:12   ,UNK,27.877,0.05,0.46
38,WR 1-1 0-10     ,cw052338,5/23/00,12:18   ,UNK,25.239,0.32,3.52
39,WR 1-1 0-10     ,cw052339,5/23/00,12:24   ,UNK,25.971,0.32,3.53
40,atro-unk        ,cw052340,5/23/00,12:30   ,UNK,2.462,4.80,69.47
41,WR 1-5 0-10     ,cw052341,5/23/00,12:36   ,UNK,27.106,0.30,3.45
42,WR 1-5 0-10     ,cw052342,5/23/00,12:42   ,UNK,27.277,0.29,3.48
43,WR 2-3 0-10     ,cw052343,5/23/00,12:48   ,UNK,28.21,0.30,4.20
44,WR 2-3 0-10     ,cw052344,5/23/00,12:54   ,UNK,29.524,0.31,4.10
45,LA 1-1 0-10     ,cw052345,5/23/00,13:00   ,UNK,28.39,0.50,5.31
46,LA 1-1 0-10     ,cw052346,5/23/00,13:06   ,UNK,29.843,0.51,5.37
47,LA 1-1 10-30    ,cw052347,5/23/00,13:12   ,UNK,28.417,0.26,2.77
48,LA 1-1 10-30    ,cw052348,5/23/00,13:18   ,UNK,29.418,0.26,2.80
49,LA 1-1 30-50    ,cw052349,5/23/00,13:24   ,UNK,27.052,0.16,1.84
50,LA 1-1 30-50    ,cw052350,5/23/00,13:30   ,UNK,26.776,0.16,1.85
51,atro-unk        ,cw052351,5/23/00,13:36   ,UNK,1.225,4.81,70.61
52,LA 1-1 50-100   ,cw052352,5/23/00,13:42   ,UNK,29.514,0.10,1.25
53,LA 1-1 50-100   ,cw052353,5/23/00,13:48   ,UNK,29.113,0.10,1.25
54,LA 1-2 0-10     ,cw052354,5/23/00,13:54   ,UNK,27.369,0.66,6.97
55,LA 1-2 0-10     ,cw052355,5/23/00,14:00   ,UNK,27.902,0.69,7.35
56,LA 1-2 10-30    ,cw052356,5/23/00,14:06   ,UNK,26.321,0.28,3.02
57,LA 1-2 10-30    ,cw052357,5/23/00,14:12   ,UNK,25.094,0.27,2.84
58,LA 1-2 30-50    ,cw052358,5/23/00,14:18   ,UNK,29.46,0.14,1.69
59,LA 1-2 30-50    ,cw052359,5/23/00,14:24   ,UNK,29.098,0.14,1.73
60,LA 1-2 50-100   ,cw052360,5/23/00,14:30   ,UNK,29.35,0.08,0.93
61,LA 1-2 50-100   ,cw052361,5/23/00,14:37   ,UNK,27.571,0.08,0.93
62,atro-unk        ,cw052362,5/23/00,14:43   ,UNK,0.633,4.81,70.27
63,LA 1-3 0-10     ,cw052363,5/23/00,14:49   ,UNK,25.582,0.28,3.16
64,LA 1-3 0-10     ,cw052364,5/23/00,14:55   ,UNK,26.796,0.28,3.12
65,LA 1-3 10-30    ,cw052365,5/23/00,15:01   ,UNK,28.552,0.24,2.68
66,LA 1-3 10-30    ,cw052366,5/23/00,15:07   ,UNK,28.9,0.24,2.68
67,LA 1-3 30-50    ,cw052367,5/23/00,15:13   ,UNK,28.002,0.17,1.96
68,LA 1-3 30-50    ,cw052368,5/23/00,15:19   ,UNK,25.47,0.17,1.93
69,LA 1-3 50-100   ,cw052369,5/23/00,15:25   ,UNK,25.434,0.08,0.99
70,LA 1-3 50-100   ,cw052370,5/23/00,15:31   ,UNK,27.685,0.08,0.99
71,LA 1-4 0-10     ,cw052371,5/23/00,15:37   ,UNK,28.415,0.49,5.18
72,LA 1-4 0-10     ,cw052372,5/23/00,15:43   ,UNK,29.883,0.51,5.34
73,atro-unk        ,cw052373,5/23/00,15:49   ,UNK,2.092,4.82,70.05
74,LA 1-4 10-30    ,cw052374,5/23/00,15:55   ,UNK,28.64,0.23,2.55
75,LA 1-4 10-30    ,cw052375,5/23/00,16:01   ,UNK,26.395,0.23,2.52
76,LA 1-4 30-50    ,cw052376,5/23/00,16:07   ,UNK,29.828,0.18,2.10
77,LA 1-4 30-50    ,cw052377,5/23/00,16:13   ,UNK,26.596,0.18,2.10
78,LA 1-4 50-100   ,cw052378,5/23/00,16:19   ,UNK,25.903,0.08,0.89
79,LA 1-4 50-100   ,cw052379,5/23/00,16:25   ,UNK,27.883,0.07,0.89
80,LA 1-5 0-10     ,cw052380,5/23/00,16:31   ,UNK,25.562,0.68,7.22
81,LA 1-5 0-10     ,cw052381,5/23/00,16:37   ,UNK,28.119,0.68,7.20
82,LA 1-5 10-30    ,cw052382,5/23/00,16:43   ,UNK,29.634,0.29,3.16
83,LA 1-5 10-30    ,cw052383,5/23/00,16:49   ,UNK,26.999,0.29,3.17
84,atro-unk        ,cw052384,5/23/00,16:55   ,UNK,2.514,4.79,69.69
1,dummy           ,cw052801,5/28/00,08:09   ,By-Pass,,0.00,0.00
2,blank           ,cw052802,5/28/00,08:15   ,Blank,,0.00,0.00
3,atro-0.4        ,cw052803,5/28/00,08:21   ,STD,0.576,4.84,70.56
4,atro-1.0        ,cw052804,5/28/00,08:27   ,STD,1.008,4.84,70.56
5,atro-2.0        ,cw052805,5/28/00,08:33   ,STD,1.984,4.84,70.56
6,atro-3.0        ,cw052806,5/28/00,08:39   ,STD,3.035,4.84,70.56
7,atro-unk        ,cw052807,5/28/00,08:45   ,UNK,1.445,4.79,70.14
8,LA 1-5 30-50    ,cw052808,5/28/00,09:02   ,UNK,28.549,0.16,1.97
9,LA 1-5 30-50    ,cw052809,5/28/00,09:08   ,UNK,30.186,0.17,1.98
10,LA 1-5 50-100   ,cw052810,5/28/00,09:14   ,UNK,28.388,0.08,0.97
11,LA 1-5 50-100   ,cw052811,5/28/00,09:20   ,UNK,28.648,0.08,0.97
12,LA 2-1 0-10     ,cw052812,5/28/00,09:26   ,UNK,29.707,0.42,4.82
13,LA 2-1 0-10     ,cw052813,5/28/00,09:32   ,UNK,29.337,0.40,4.50
14,LA 2-1 10-30    ,cw052814,5/28/00,09:38   ,UNK,28.812,0.14,1.45
15,LA 2-1 10-30    ,cw052815,5/28/00,09:44   ,UNK,30.679,0.15,1.52
16,LA 2-1 30-50    ,cw052816,5/28/00,09:50   ,UNK,29.395,0.12,1.25
17,LA 2-1 30-50    ,cw052817,5/28/00,09:56   ,UNK,26.546,0.11,1.20
18,atro-unk        ,cw052818,5/28/00,10:02   ,UNK,1.166,5.06,74.68
19,LA 2-1 50-100   ,cw052819,5/28/00,10:08   ,UNK,25.961,0.05,0.39
20,LA 2-1 50-100   ,cw052820,5/28/00,10:14   ,UNK,26.794,0.05,0.38
21,LA 2-2 0-10     ,cw052821,5/28/00,10:20   ,UNK,25.622,0.37,4.04
22,LA 2-2 0-10     ,cw052822,5/28/00,10:26   ,UNK,27.037,0.32,3.50
23,LA 2-2 10-30    ,cw052823,5/28/00,10:32   ,UNK,27.829,0.27,2.91
24,LA 2-2 10-30    ,cw052824,5/28/00,10:38   ,UNK,27.397,0.28,2.92
25,LA 2-2 30-50    ,cw052825,5/28/00,10:44   ,UNK,27.844,0.13,1.26
26,LA 2-2 30-50    ,cw052826,5/28/00,10:50   ,UNK,27.008,0.12,1.17
27,LA 2-2 50-100   ,cw052827,5/28/00,10:56   ,UNK,27.918,0.05,0.41
28,LA 2-2 50-100   ,cw052828,5/28/00,11:03   ,UNK,27.676,0.05,0.36
29,atro-unk        ,cw052829,5/28/00,11:09   ,UNK,2.473,4.87,70.74
30,LA 2-3 0-10     ,cw052830,5/28/00,11:15   ,UNK,26.748,0.28,2.99
31,LA 2-3 0-10     ,cw052831,5/28/00,11:21   ,UNK,29.27,0.29,3.21
32,LA 2-3 10-30    ,cw052832,5/28/00,11:27   ,UNK,25.542,0.15,1.65
33,LA 2-3 10-30    ,cw052833,5/28/00,11:33   ,UNK,26.431,0.15,1.65
34,LA 2-3 30-50    ,cw052834,5/28/00,11:39   ,UNK,29.653,0.13,1.33
35,LA 2-3 30-50    ,cw052835,5/28/00,11:45   ,UNK,26.396,0.13,1.31
36,LA 2-3 50-100   ,cw052836,5/28/00,11:51   ,UNK,26.508,0.05,0.44
37,LA 2-3 50-100   ,cw052837,5/28/00,11:57   ,UNK,30.625,0.05,0.44
38,LA 2-4 0-10     ,cw052838,5/28/00,12:03   ,UNK,30.645,0.29,2.75
39,LA 2-4 0-10     ,cw052839,5/28/00,12:09   ,UNK,25.325,0.28,2.59
40,atro-unk        ,cw052840,5/28/00,12:15   ,UNK,0.624,4.79,69.77
41,LA 2-4 10-30    ,cw052841,5/28/00,12:21   ,UNK,25.301,0.19,1.88
42,LA 2-4 10-30    ,cw052842,5/28/00,12:27   ,UNK,29.734,0.19,1.87
43,LA 2-4 30-50    ,cw052843,5/28/00,12:33   ,UNK,29.098,0.12,1.24
44,LA 2-4 30-50    ,cw052844,5/28/00,12:39   ,UNK,27.879,0.13,1.29
45,LA 2-4 50-100   ,cw052845,5/28/00,12:45   ,UNK,30.748,0.05,0.38
46,LA 2-4 50-100   ,cw052846,5/28/00,12:51   ,UNK,28.557,0.05,0.38
47,LA 2-5 0-10     ,cw052847,5/28/00,12:57   ,UNK,28.203,0.23,2.47
48,LA 2-5 0-10     ,cw052848,5/28/00,13:03   ,UNK,28.431,0.26,2.82
49,LA 2-5 10-30    ,cw052849,5/28/00,13:09   ,UNK,29.108,0.12,1.26
50,LA 2-5 10-30    ,cw052850,5/28/00,13:15   ,UNK,25.757,0.12,1.27
51,atro-unk        ,cw052851,5/28/00,13:21   ,UNK,1.487,4.82,70.33
52,LA 2-5 30-50    ,cw052852,5/28/00,13:27   ,UNK,28.924,0.07,0.69
53,LA 2-5 30-50    ,cw052853,5/28/00,13:34   ,UNK,26.516,0.07,0.69
54,LA 2-5 50-100   ,cw052854,5/28/00,13:40   ,UNK,30.019,0.04,0.33
55,LA 2-5 50-100   ,cw052855,5/28/00,13:46   ,UNK,30.073,0.05,0.34
56,RW 2-1 0-10     ,cw052856,5/28/00,13:52   ,UNK,28.075,0.36,3.72
57,RW 2-1 0-10     ,cw052857,5/28/00,13:58   ,UNK,27.553,0.36,3.68
58,RW 2-1 10-30    ,cw052858,5/28/00,14:04   ,UNK,27.982,0.22,2.16
59,RW 2-1 10-30    ,cw052859,5/28/00,14:10   ,UNK,27.185,0.22,2.18
60,RW 2-1 30-50    ,cw052860,5/28/00,14:16   ,UNK,25.987,0.16,1.56
61,RW 2-1 30-50    ,cw052861,5/28/00,14:22   ,UNK,26.377,0.16,1.60
62,atro-unk        ,cw052862,5/28/00,14:28   ,UNK,2.538,4.85,70.33
63,RW 2-1 50-100   ,cw052863,5/28/00,14:34   ,UNK,29.569,0.04,0.22
64,RW 2-1 50-100   ,cw052864,5/28/00,14:40   ,UNK,28.359,0.04,0.23
65,RW 2-2 0-10     ,cw052865,5/28/00,14:46   ,UNK,26.239,0.39,3.97
66,RW 2-2 0-10     ,cw052866,5/28/00,14:52   ,UNK,25.045,0.40,4.19
67,RW 2-2 10-30    ,cw052867,5/28/00,14:58   ,UNK,26.094,0.25,2.45
68,RW 2-2 10-30    ,cw052868,5/28/00,15:04   ,UNK,26.688,0.25,2.47
69,RW 2-2 30-50    ,cw052869,5/28/00,15:10   ,UNK,26.626,0.13,1.19
70,RW 2-2 30-50    ,cw052870,5/28/00,15:16   ,UNK,25.919,0.13,1.20
71,RW 2-2 50-100   ,cw052871,5/28/00,15:22   ,UNK,25.825,0.04,0.14
72,RW 2-2 50-100   ,cw052872,5/28/00,15:28   ,UNK,27.566,0.04,0.15
73,atro-unk        ,cw052873,5/28/00,15:34   ,UNK,2.115,4.82,70.24
74,RW 2-3 0-10     ,cw052874,5/28/00,15:40   ,UNK,25.285,0.40,4.15
75,RW 2-3 0-10     ,cw052875,5/28/00,15:46   ,UNK,25.96,0.40,4.13
76,RW 2-3 10-30    ,cw052876,5/28/00,15:52   ,UNK,28.752,0.22,2.16
77,RW 2-3 10-30    ,cw052877,5/28/00,15:58   ,UNK,26.462,0.22,2.18
78,RW 2-3 30-50    ,cw052878,5/28/00,16:05   ,UNK,25.591,0.07,1.42
79,RW 2-3 30-50    ,cw052879,5/28/00,16:11   ,UNK,29.736,0.15,1.43
80,RW 2-3 50-100   ,cw052880,5/28/00,16:17   ,UNK,26.134,0.04,0.27
81,RW 2-3 50-100   ,cw052881,5/28/00,16:23   ,UNK,27.052,0.04,0.27
82,RW 2-4 0-10     ,cw052882,5/28/00,16:29   ,UNK,27.497,0.37,3.80
83,RW 2-4 0-10     ,cw052883,5/28/00,16:35   ,UNK,27.606,0.38,4.00
84,atro-unk        ,cw052884,5/28/00,16:41   ,UNK,1.299,4.88,70.84
1,dummy           ,DW052901,5/29/00,11:01   ,By-Pass,,0.00,0.00
2,blank           ,cw052902,5/29/00,11:07   ,Blank,,0.00,0.00
3,atro-0.4        ,cw052903,5/29/00,11:13   ,STD,0.565,4.84,70.56
4,atro-1.0        ,cw052904,5/29/00,11:19   ,STD,1.032,4.84,70.56
5,atro-2.0        ,cw052905,5/29/00,11:25   ,STD,2.131,4.84,70.56
6,atro-3.0        ,cw052906,5/29/00,11:31   ,STD,3.417,4.84,70.56
7,atro-unk        ,cw052907,5/29/00,11:37   ,UNK,1.451,4.87,71.43
8,RW 2-4 10-30    ,cw052908,5/29/00,11:52   ,UNK,26.469,0.23,2.30
9,RW 2-4 10-30    ,cw052909,5/29/00,11:59   ,UNK,28.533,0.22,2.16
10,RW 2-4 30-50    ,cw052910,5/29/00,12:05   ,UNK,28.898,0.17,1.65
11,RW 2-4 30-50    ,cw052911,5/29/00,12:11   ,UNK,28.584,0.17,1.64
12,RW 2-4 50-100   ,cw052912,5/29/00,12:17   ,UNK,28.582,0.04,0.22
13,RW 2-4 50-100   ,cw052913,5/29/00,12:23   ,UNK,29.183,0.04,0.24
14,RW 2-5 0-10     ,cw052914,5/29/00,12:29   ,UNK,28.749,0.38,3.86
15,RW 2-5 0-10     ,cw052915,5/29/00,12:35   ,UNK,25.148,0.37,3.82
16,RW 2-5 10-30    ,cw052916,5/29/00,12:41   ,UNK,26.714,0.21,2.14
17,RW 2-5 10-30    ,cw052917,5/29/00,12:47   ,UNK,25.837,0.21,2.05
18,atro-unk        ,cw052918,5/29/00,12:53   ,UNK,1.228,4.79,69.67
19,RW 2-5 30-50    ,cw052919,5/29/00,12:59   ,UNK,26.486,0.16,1.58
20,RW 2-5 30-50    ,cw052920,5/29/00,13:05   ,UNK,25.177,0.16,1.55
21,RW 2-5 50-100   ,cw052921,5/29/00,13:11   ,UNK,25.228,0.06,0.42
22,RW 2-5 50-100   ,cw052922,5/29/00,13:17   ,UNK,26.007,0.06,0.43
23,GA 1-1 0-10     ,cw052923,5/29/00,13:23   ,UNK,25.354,0.33,3.68
24,GA 1-1 0-10     ,cw052924,5/29/00,13:29   ,UNK,28.048,0.31,3.55
25,GA 1-1 10-30    ,cw052925,5/29/00,13:35   ,UNK,27.61,0.15,1.85
26,GA 1-1 10-30    ,cw052926,5/29/00,13:41   ,UNK,25.441,0.17,1.99
27,GA 1-1 30-50    ,cw052927,5/29/00,13:47   ,UNK,28.716,0.12,1.46
28,GA 1-1 30-50    ,cw052928,5/29/00,13:53   ,UNK,26.555,0.10,1.25
29,atro-unk        ,cw052929,5/29/00,13:59   ,UNK,0.663,4.72,68.22
30,GA 1-1 50-100   ,cw052930,5/29/00,14:05   ,UNK,28.263,0.05,0.34
31,GA 1-1 50-100   ,cw052931,5/29/00,14:11   ,UNK,25.366,0.05,0.35
32,GA 1-2 0-10     ,cw052932,5/29/00,14:17   ,UNK,26.873,0.38,4.19
33,GA 1-2 0-10     ,cw052933,5/29/00,14:24   ,UNK,26.145,0.37,4.06
34,GA 1-2 10-30    ,cw052934,5/29/00,14:30   ,UNK,25.594,0.16,1.86
35,GA 1-2 10-30    ,cw052935,5/29/00,14:36   ,UNK,29.492,0.17,1.99
36,GA 1-2 30-50    ,cw052936,5/29/00,14:42   ,UNK,25.095,0.09,1.01
37,GA 1-2 30-50    ,cw052937,5/29/00,14:48   ,UNK,28.49,0.09,0.98
38,GA 1-2 50-100   ,cw052938,5/29/00,14:54   ,UNK,28.499,0.04,0.25
39,GA 1-2 50-100   ,cw052939,5/29/00,15:00   ,UNK,26.103,0.04,0.24
40,atro-unk        ,cw052940,5/29/00,15:06   ,UNK,1.766,4.75,69.12
41,GA 1-3 0-10     ,cw052941,5/29/00,15:12   ,UNK,25.789,0.35,3.67
42,GA 1-3 0-10     ,cw052942,5/29/00,15:18   ,UNK,26.958,0.36,3.74
43,GA 1-3 10-30    ,cw052943,5/29/00,15:24   ,UNK,28.136,0.17,1.73
44,GA 1-3 10-30    ,cw052944,5/29/00,15:30   ,UNK,24.986,0.17,1.80
45,GA 1-3 30-50    ,cw052945,5/29/00,15:36   ,UNK,30.482,0.10,0.98
46,GA 1-3 30-50    ,cw052946,5/29/00,15:42   ,UNK,26.509,0.09,0.83
47,GA 1-3 50-100   ,cw052947,5/29/00,15:48   ,UNK,27.183,0.06,0.47
48,GA 1-3 50-100   ,cw052948,5/29/00,15:54   ,UNK,28.879,0.06,0.48
49,GA 1-4 0-10     ,cw052949,5/29/00,16:00   ,UNK,30.133,0.28,2.76
50,GA 1-4 0-10     ,cw052950,5/29/00,16:06   ,UNK,29.906,0.26,2.54
51,atro-unk        ,cw052951,5/29/00,16:12   ,UNK,3.319,4.76,69.13
52,GA 1-4 10-30    ,cw052952,5/29/00,16:18   ,UNK,25.925,0.16,1.54
53,GA 1-4 10-30    ,cw052953,5/29/00,16:24   ,UNK,29.489,0.15,1.44
54,GA 1-4 30-50    ,cw052954,5/29/00,16:30   ,UNK,28.415,0.09,0.82
55,GA 1-4 30-50    ,cw052955,5/29/00,16:36   ,UNK,27.879,0.08,0.69
56,GA 1-4 50-100   ,cw052956,5/29/00,16:43   ,UNK,28.264,0.04,0.18
57,GA 1-4 50-100   ,cw052957,5/29/00,16:49   ,UNK,28.736,0.04,0.19
58,GA 1-5 0-10     ,cw052958,5/29/00,16:55   ,UNK,28.423,0.48,4.90
59,GA 1-5 0-10     ,cw052959,5/29/00,17:01   ,UNK,28.609,0.46,4.56
60,GA 1-5 10-30    ,cw052960,5/29/00,17:07   ,UNK,27.752,0.17,1.68
61,GA 1-5 10-30    ,cw052961,5/29/00,17:13   ,UNK,28.919,0.16,1.59
62,atro-unk        ,cw052962,5/29/00,17:19   ,UNK,2.117,4.74,69.02
63,GA 1-5 30-50    ,cw052963,5/29/00,17:25   ,UNK,29.219,0.11,1.03
64,GA 1-5 30-50    ,cw052964,5/29/00,17:31   ,UNK,27.232,0.11,0.95
65,GA 1-5 50-100   ,cw052965,5/29/00,17:37   ,UNK,25.368,0.04,0.18
66,GA 1-5 50-100   ,cw052966,5/29/00,17:43   ,UNK,27.268,0.04,0.20
67,LA 2-2 0-10     ,cw052967,5/29/00,17:49   ,UNK,27.733,0.30,3.18
68,LA 2-2 0-10     ,cw052968,5/29/00,17:55   ,UNK,27.286,0.32,3.54
69,LA 2-2 50-100   ,cw052969,5/29/00,18:01   ,UNK,29.109,0.05,0.37
70,LA 2-2 50-100   ,cw052970,5/29/00,18:07   ,UNK,25.666,0.04,0.34
71,LA 2-5 0-10     ,cw052971,5/29/00,18:13   ,UNK,28.471,0.23,2.49
72,LA 2-5 0-10     ,cw052972,5/29/00,18:19   ,UNK,27.862,0.22,2.45
73,atro-unk        ,cw052973,5/29/00,18:25   ,UNK,0.828,4.77,69.50
74,GA 2-1 0-10     ,cw052974,5/29/00,18:31   ,UNK,27.976,0.26,2.65
75,GA 2-1 0-10     ,cw052975,5/29/00,18:37   ,UNK,27.458,0.24,2.46
76,GA 2-1 10-30    ,cw052976,5/29/00,18:43   ,UNK,27.006,0.14,1.46
77,GA 2-1 10-30    ,cw052977,5/29/00,18:49   ,UNK,25.028,0.14,1.51
78,GA 2-1 30-50    ,cw052978,5/29/00,18:55   ,UNK,26.418,0.07,0.68
79,GA 2-1 30-50    ,cw052979,5/29/00,19:01   ,UNK,26.813,0.07,0.67
80,GA 2-1 50-100   ,cw052980,5/29/00,19:07   ,UNK,28.536,0.04,0.29
81,GA 2-1 50-100   ,cw052981,5/29/00,19:13   ,UNK,27.631,0.04,0.28
82,GA 2-2 0-10     ,cw052982,5/29/00,19:20   ,UNK,25.325,0.30,3.18
83,GA 2-2 0-10     ,cw052983,5/29/00,19:26   ,UNK,26.056,0.33,3.48
84,atro-unk        ,cw052984,5/29/00,19:32   ,UNK,1.299,4.78,69.61
1,dummy           ,DW053001,5/30/00,16:41   ,By-Pass,,0.00,0.00
2,blank           ,cw053002,5/30/00,16:47   ,Blank,,0.00,0.00
3,atro-0.4        ,cw053003,5/30/00,16:53   ,STD,0.662,4.84,70.56
4,atro-1.0        ,cw053004,5/30/00,16:59   ,STD,1.156,4.84,70.56
5,atro-2.0        ,cw053005,5/30/00,17:05   ,STD,2.013,4.84,70.56
6,atro-3.0        ,cw053006,5/30/00,17:11   ,STD,3.509,4.84,70.56
7,atro-unk        ,cw053007,5/30/00,17:17   ,UNK,1.427,4.88,71.25
8,GA 2-2 10-30    ,cw053008,5/30/00,17:36   ,UNK,26.638,0.17,1.73
9,GA 2-2 10-30    ,cw053009,5/30/00,17:42   ,UNK,27.175,0.16,1.67
10,GA 2-2 30-50    ,cw053010,5/30/00,17:48   ,UNK,27.307,0.09,0.84
11,GA 2-2 30-50    ,cw053011,5/30/00,17:54   ,UNK,28.248,0.09,0.85
12,GA 2-2 50-100   ,cw053012,5/30/00,18:00   ,UNK,28.893,0.04,0.27
13,GA 2-2 50-100   ,cw053013,5/30/00,18:07   ,UNK,28.443,0.04,0.27
14,GA 2-3 0-10     ,cw053014,5/30/00,18:13   ,UNK,28.714,0.31,3.29
15,GA 2-3 0-10     ,cw053015,5/30/00,18:19   ,UNK,25.752,0.31,3.27
16,GA 2-3 10-30    ,cw053016,5/30/00,18:25   ,UNK,27.954,0.16,1.63
17,GA 2-3 10-30    ,cw053017,5/30/00,18:31   ,UNK,27.942,0.16,1.62
18,atro-unk        ,cw053018,5/30/00,18:37   ,UNK,1.026,4.91,71.24
19,GA 2-3 30-50    ,cw053019,5/30/00,18:43   ,UNK,25.445,0.10,1.00
20,GA 2-3 30-50    ,cw053020,5/30/00,18:49   ,UNK,29.284,0.10,0.96
21,GA 2-3 50-100   ,cw053021,5/30/00,18:55   ,UNK,30.272,0.05,0.87
22,GA 2-3 50-100   ,cw053022,5/30/00,19:01   ,UNK,30.131,0.05,0.94
23,GA 2-4 0-10     ,cw053023,5/30/00,19:07   ,UNK,25.995,0.34,3.69
24,GA 2-4 0-10     ,cw053024,5/30/00,19:13   ,UNK,25.931,0.34,3.75
25,GA 2-4 10-30    ,cw053025,5/30/00,19:19   ,UNK,25.182,0.16,1.58
26,GA 2-4 10-30    ,cw053026,5/30/00,19:25   ,UNK,29.041,0.17,1.68
27,GA 2-4 30-50    ,cw053027,5/30/00,19:31   ,UNK,27.679,0.11,1.13
28,GA 2-4 30-50    ,cw053028,5/30/00,19:37   ,UNK,26.19,0.12,1.16
29,atro-unk        ,cw053029,5/30/00,19:43   ,UNK,0.676,4.92,71.60
30,GA 2-4 50-100   ,cw053030,5/30/00,19:49   ,UNK,29.886,0.04,0.41
31,GA 2-4 50-100   ,cw053031,5/30/00,19:55   ,UNK,27.756,0.05,0.47
32,GA 2-5 0-10     ,cw053032,5/30/00,20:01   ,UNK,26.544,0.32,3.33
33,GA 2-5 0-10     ,cw053033,5/30/00,20:07   ,UNK,26.531,0.33,3.55
34,GA 2-5 10-30    ,cw053034,5/30/00,20:13   ,UNK,28.201,0.16,1.57
35,GA 2-5 10-30    ,cw053035,5/30/00,20:19   ,UNK,28.99,0.16,1.55
36,GA 2-5 30-50    ,cw053036,5/30/00,20:25   ,UNK,25.224,0.08,0.75
37,GA 2-5 30-50    ,cw053037,5/30/00,20:31   ,UNK,29.134,0.08,0.78
38,GA 2-5 50-100   ,cw053038,5/30/00,20:38   ,UNK,29.292,0.04,1.06
39,GA 2-5 50-100   ,cw053039,5/30/00,20:44   ,UNK,30.479,0.03,1.12
40,atro-unk        ,cw053040,5/30/00,20:50   ,UNK,2.875,4.85,70.70
41,SC 3-1 0-10     ,cw053041,5/30/00,20:56   ,UNK,25.067,0.30,3.15
42,SC 3-1 0-10     ,cw053042,5/30/00,21:02   ,UNK,27.563,0.28,2.96
43,SC 3-1 10-30    ,cw053043,5/30/00,21:08   ,UNK,29.396,0.14,1.41
44,SC 3-1 10-30    ,cw053044,5/30/00,21:14   ,UNK,27.719,0.13,1.33
45,SC 3-1 30-50    ,cw053045,5/30/00,21:20   ,UNK,26.745,0.09,0.79
46,SC 3-1 30-50    ,cw053046,5/30/00,21:26   ,UNK,27.29,0.09,0.77
47,SC 3-1 50-100   ,cw053047,5/30/00,21:32   ,UNK,29.775,0.04,0.24
48,SC 3-1 50-100   ,cw053048,5/30/00,21:38   ,UNK,28.201,0.04,0.28
49,GA 1-1 30-50    ,cw053049,5/30/00,21:44   ,UNK,29.804,0.11,1.34
50,GA 1-1 30-50    ,cw053050,5/30/00,21:50   ,UNK,25.516,0.12,1.48
51,atro-unk        ,cw053051,5/30/00,21:56   ,UNK,1.865,4.86,71.12
52,GA 1-3 30-50    ,cw053052,5/30/00,22:02   ,UNK,26.155,0.11,1.09
53,GA 1-3 30-50    ,cw053053,5/30/00,22:08   ,UNK,28.414,0.11,1.07
54,GA 1-5 50-100   ,cw053054,5/30/00,22:14   ,UNK,29.657,0.05,0.26
55,GA 1-5 50-100   ,cw053055,5/30/00,22:20   ,UNK,26.17,0.05,0.25
56,LA 2-2 0-10     ,cw053056,5/30/00,22:26   ,UNK,27.86,0.32,3.50
57,LA 2-2 0-10     ,cw053057,5/30/00,22:32   ,UNK,25.817,0.33,3.60
58,atro-unk        ,DW053057,5/30/00,22:38   ,UNK,1.068,4.88,71.20
1,Dummy           ,ta060401,6/4/00,15:01   ,By-Pass,,0.00,0.00
2,Blank           ,ta060402,6/4/00,15:07   ,Blank,,0.00,0.00
3,atrop-.4        ,ta060403,6/4/00,15:13   ,STD,0.323,4.84,70.56
4,atrop-1         ,ta060404,6/4/00,15:20   ,STD,0.931,4.84,70.56
5,atrop-2         ,ta060405,6/4/00,15:26   ,STD,2.055,4.84,70.56
6,atrop-3         ,ta060406,6/4/00,15:32   ,STD,3.101,4.84,70.56
7,atrop-unk1      ,ta060407,6/4/00,15:38   ,UNK,2.137,4.89,71.40
8,sc4-1 0-10      ,UA060410,6/4/00,16:00   ,UNK,25.264,0.32,3.38
9,sc4-1 0-10      ,ta060411,6/4/00,16:06   ,UNK,27.445,0.46,4.81
10,sc4-1 30-50     ,ta060412,6/4/00,16:12   ,UNK,29.163,0.11,1.02
11,sc4-1 30-50     ,ta060413,6/4/00,16:18   ,UNK,28.654,0.11,1.01
12,sc4-1 50-100    ,ta060414,6/4/00,16:24   ,UNK,28.87,0.03,0.26
13,sc4-1 50-100    ,ta060415,6/4/00,16:30   ,UNK,30.653,0.03,0.25
14,sc4-2 0-10      ,ta060416,6/4/00,16:36   ,UNK,26.217,0.33,3.47
15,sc4-2 0-10      ,ta060417,6/4/00,16:42   ,UNK,25.382,0.33,3.39
16,atrop-unk2      ,ta060418,6/4/00,16:48   ,UNK,1.827,4.93,72.19
17,sc4-2 10-30     ,ta060419,6/4/00,16:54   ,UNK,25.185,0.13,1.22
18,sc4-2 10-30     ,ta060420,6/4/00,17:00   ,UNK,29.828,0.00,0.00
19,sc4-2 30-50     ,ta060421,6/4/00,17:07   ,UNK,29.719,0.08,0.73
20,sc4-2 30-50     ,ta060422,6/4/00,17:13   ,UNK,30.341,0.08,0.71
21,sc4-2 50-100    ,ta060423,6/4/00,17:24   ,UNK,29.094,0.04,0.29
22,sc4-2 50-100    ,ta060424,6/4/00,17:30   ,UNK,30.381,0.04,0.28
23,sc4-3 0-10      ,ta060425,6/4/00,17:36   ,UNK,27.711,0.41,4.23
24,sc4-3 0-10      ,ta060426,6/4/00,17:42   ,UNK,26.59,0.00,0.00
25,sc4-3 10-30     ,ta060427,6/4/00,17:48   ,UNK,30.338,0.13,1.27
26,sc4-3 10-30     ,ta060428,6/4/00,17:54   ,UNK,28.364,0.15,1.45
27,atrop-unk3      ,ta060429,6/4/00,18:00   ,UNK,0.666,4.95,73.30
28,sc4-3 30-50     ,ta060430,6/4/00,18:06   ,UNK,26.616,0.10,0.84
29,sc4-3 30-50     ,ta060431,6/4/00,18:12   ,UNK,27.232,0.10,0.87
30,sc4-3 50-100    ,ta060432,6/4/00,18:18   ,UNK,28.835,0.03,0.26
31,sc4-3 50-100    ,ta060433,6/4/00,18:24   ,UNK,29.898,0.04,0.30
32,sc4-4 0-10      ,ta060434,6/4/00,18:30   ,UNK,28.148,0.41,4.58
33,sc4-4 0-10      ,ta060435,6/4/00,18:36   ,UNK,28.321,0.46,5.03
34,sc4-4 10-30     ,ta060436,6/4/00,18:42   ,UNK,29.357,0.05,0.48
35,sc4-4 10-30     ,ta060437,6/4/00,18:48   ,UNK,30.781,0.06,0.58
36,sc4-4 30-50     ,ta060438,6/4/00,18:54   ,UNK,29.823,0.00,0.00
37,sc4-4 30-50     ,ta060439,6/4/00,19:00   ,UNK,26.222,0.07,0.63
38,atrop-unk4      ,ta060440,6/4/00,19:06   ,UNK,1.461,4.87,72.01
39,sc4-4 50-100    ,ta060441,6/4/00,19:12   ,UNK,25.734,0.06,0.47
40,sc4-4 50-100    ,ta060442,6/4/00,19:18   ,UNK,25.975,0.06,0.55
41,sc4-5 0-10      ,ta060443,6/4/00,19:25   ,UNK,25.359,0.00,0.00
42,sc4-5 0-10      ,ta060444,6/4/00,19:31   ,UNK,27.177,0.67,7.47
43,sc4-5 10-30     ,ta060445,6/4/00,19:37   ,UNK,28.928,0.08,0.80
44,sc4-5 10-30     ,ta060446,6/4/00,19:43   ,UNK,29.829,0.08,0.74
45,sc4-5 30-50     ,ta060447,6/4/00,19:49   ,UNK,25.46,0.00,0.00
46,sc4-5 30-50     ,ta060448,6/4/00,19:55   ,UNK,27.721,0.12,1.03
47,sc4-5 50-100    ,ta060449,6/4/00,20:01   ,UNK,27.156,0.03,0.18
48,sc4-5 50-100    ,ta060450,6/4/00,20:07   ,UNK,29.776,0.03,0.19
49,atrop-unk5      ,ta060451,6/4/00,20:13   ,UNK,2.894,4.92,71.97
50,sc3-1 0-10      ,ta060452,6/4/00,20:19   ,UNK,28.766,0.34,3.70
51,sc3-1 0-10      ,ta060453,6/4/00,20:25   ,UNK,30.168,0.32,3.46
52,sc3-1 10-30     ,ta060454,6/4/00,20:31   ,UNK,27.688,0.14,1.47
53,sc3-1 10-30     ,ta060455,6/4/00,20:37   ,UNK,27.351,0.14,1.41
54,sc3-1 30-50     ,ta060456,6/4/00,20:43   ,UNK,26.121,0.09,0.84
55,sc3-1 30-50     ,ta060457,6/4/00,20:49   ,UNK,27.242,0.09,0.85
56,sc3-1 50-100    ,ta040658,6/4/00,20:55   ,UNK,28.102,0.04,0.30
57,sc3-1 50-100    ,ta040659,6/4/00,21:01   ,UNK,28.606,0.04,0.30
58,sc3-2 0-10      ,ta060460,6/4/00,21:07   ,UNK,30.263,0.39,4.26
59,sc3-2 0-10      ,ta060461,6/4/00,21:13   ,UNK,29.419,0.00,0.00
60,atrop-unk6      ,ta060462,6/4/00,21:19   ,UNK,0.949,4.92,73.40
61,sc3-2 10-30     ,ta060463,6/4/00,21:25   ,UNK,28.383,0.16,1.65
62,sc3-2 10-30     ,ta060464,6/4/00,21:31   ,UNK,28.979,0.15,1.52
63,sc3-2 30-50     ,ta060465,6/4/00,21:37   ,UNK,27.377,0.10,1.01
64,sc3-2 30-50     ,ta060466,6/4/00,21:43   ,UNK,29.561,0.10,0.98
65,sc3-2 50-100    ,ta060467,6/4/00,21:49   ,UNK,28.38,0.05,0.41
66,sc3-2 50-100    ,ta060468,6/4/00,21:55   ,UNK,26.747,0.05,0.41
67,sc3-3 0-10      ,ta060469,6/4/00,22:02   ,UNK,29.673,0.38,4.11
68,sc3-3 0-10      ,ta060470,6/4/00,22:08   ,UNK,28.177,0.00,0.00
69,sc3-3 10-30     ,ta060471,6/4/00,22:14   ,UNK,26.294,0.16,1.69
70,sc3-3 10-30     ,ta060472,6/4/00,22:20   ,UNK,29.201,0.16,1.63
71,atrop-unk7      ,ta060473,6/4/00,22:26   ,UNK,3.046,4.97,72.85
1,Dummy           ,UA060601,6/6/00,13:11   ,By-Pass,,0.00,0.00
2,Blank           ,UA060602,6/6/00,13:17   ,Blank,,0.00,0.00
3,atrop-.4        ,UA060603,6/6/00,13:23   ,STD,0.383,4.84,70.56
4,atrop-1         ,UA060604,6/6/00,13:30   ,STD,0.989,4.84,70.56
5,atrop-2         ,UA060605,6/6/00,13:36   ,STD,2.007,4.84,70.56
6,atrop-3         ,UA060606,6/6/00,13:42   ,STD,3.049,4.84,70.56
7,atrop-unk1      ,UA060607,6/6/00,13:48   ,UNK,1.755,4.83,70.55
9,wc1-1 0-10      ,ta060608,6/6/00,13:59   ,UNK,29.457,0.31,3.38
10,wc1-1 0-10      ,ta060609,6/6/00,14:05   ,UNK,30.261,0.30,3.26
11,wc1-1 10-30     ,ta060610,6/6/00,14:11   ,UNK,29.523,0.16,1.60
12,wc1-1 10-30     ,ta060611,6/6/00,14:17   ,UNK,28.848,0.15,1.52
13,wc1-1 30-50     ,ta060612,6/6/00,14:23   ,UNK,30.291,0.11,1.04
14,wc1-1 30-50     ,ta060613,6/6/00,14:29   ,UNK,29.319,0.11,1.06
15,wc1-1 50-100    ,ta060614,6/6/00,14:35   ,UNK,25.798,0.03,0.12
16,wc1-1 50-100    ,ta060615,6/6/00,14:41   ,UNK,28.54,0.03,0.14
17,wc1-2 0-10      ,ta060616,6/6/00,14:47   ,UNK,29.549,0.23,2.44
18,wc1-2 0-10      ,ta060617,6/6/00,14:53   ,UNK,27.981,0.25,2.58
19,atrop-unk2      ,ta060618,6/6/00,14:59   ,UNK,0.911,4.85,70.43
21,wc1-2 10-30     ,ta060619,6/6/00,15:07   ,UNK,30.42,0.11,1.01
22,wc1-2 10-30     ,ta060620,6/6/00,15:13   ,UNK,29.23,0.11,1.02
23,wc1-2 30-50     ,ta060621,6/6/00,15:19   ,UNK,29.431,0.06,0.47
24,wc1-2 30-50     ,ta060622,6/6/00,15:25   ,UNK,27.734,0.07,0.49
25,wc1-2 50-100    ,ta060623,6/6/00,15:31   ,UNK,26.755,0.04,0.20
26,wc1-2 50-100    ,ta060624,6/6/00,15:37   ,UNK,28.221,0.04,0.22
27,wc1-3 0-10      ,ta060625,6/6/00,15:43   ,UNK,30.522,0.25,2.60
28,wc1-3 0-10      ,ta060626,6/6/00,15:49   ,UNK,28.187,0.27,2.84
29,wc1-3 10-30     ,ta060627,6/6/00,15:55   ,UNK,29.281,0.16,1.62
30,wc1-3 10-30     ,ta060628,6/6/00,16:01   ,UNK,28.851,0.15,1.49
31,atrop-unk3      ,ta060629,6/6/00,16:07   ,UNK,2.723,4.82,69.96
33,wc1-3 30-50     ,ta060630,6/6/00,16:14   ,UNK,29.006,0.08,0.68
34,wc1-3 30-50     ,ta060631,6/6/00,16:20   ,UNK,27.897,0.08,0.70
35,wc1-3 50-100    ,ta060632,6/6/00,16:26   ,UNK,29.19,0.03,0.13
36,wc1-3 50-100    ,ta060633,6/6/00,16:32   ,UNK,29.432,0.03,0.16
37,wc1-4 0-10      ,ta060634,6/6/00,16:38   ,UNK,27.77,0.25,2.69
38,wc1-4 0-10      ,ta060635,6/6/00,16:44   ,UNK,28.028,0.80,10.63
39,wc1-4 10-30     ,ta060636,6/6/00,16:50   ,UNK,30.207,0.15,1.46
40,wc1-4 10-30     ,ta060637,6/6/00,16:56   ,UNK,26.355,0.16,1.54
41,wc1-4 30-50     ,ta060638,6/6/00,17:02   ,UNK,29.439,0.11,1.06
42,wc1-4 30-50     ,ta060639,6/6/00,17:08   ,UNK,29.201,0.11,1.09
43,atrop-unk4      ,ta060640,6/6/00,17:14   ,UNK,0.756,4.77,69.29
44,wc1-4 50-100    ,ta060641,6/6/00,17:20   ,UNK,27.737,0.03,0.14
45,wc1-4 50-100    ,ta060642,6/6/00,17:26   ,UNK,26.943,0.03,0.15
46,wc1-5 0-10      ,ta060643,6/6/00,17:32   ,UNK,28.978,0.23,2.56
47,wc1-5 0-10      ,ta060644,6/6/00,17:39   ,UNK,27.737,0.23,2.76
48,wc1-5 10-30     ,ta060645,6/6/00,17:45   ,UNK,27.004,0.16,1.53
49,wc1-5 10-30     ,ta060646,6/6/00,17:51   ,UNK,27.579,0.15,1.47
50,wc1-5 30-50     ,ta060647,6/6/00,17:57   ,UNK,29.311,0.09,0.80
51,wc1-5 30-50     ,ta060648,6/6/00,18:03   ,UNK,30.317,0.09,0.80
52,wc1-5 50-100    ,ta060649,6/6/00,18:09   ,UNK,28.804,0.02,0.07
53,wc1-5 50-100    ,ta060650,6/6/00,18:15   ,UNK,27.935,0.02,0.06
54,atrop-unk5      ,ta060651,6/6/00,18:21   ,UNK,0.555,4.81,70.63
55,sc3-4 50-100    ,ta060652,6/6/00,18:27   ,UNK,26.634,0.04,0.19
56,sc3-4 50-100    ,ta060653,6/6/00,18:33   ,UNK,26.703,0.04,0.22
57,sc3-5 0-10      ,ta060654,6/6/00,18:39   ,UNK,27.154,1.57,15.50
58,sc3-5 0-10      ,ta060655,6/6/00,18:45   ,UNK,29.105,1.07,10.22
59,sc3-5 10-30     ,ta060656,6/6/00,18:51   ,UNK,28.858,0.48,4.68
60,sc3-5 10-30     ,ta060657,6/6/00,18:57   ,UNK,28.246,0.41,3.90
61,sc3-5 30-50     ,ta060658,6/6/00,19:03   ,UNK,29.552,0.19,1.81
62,sc3-5 30-50     ,ta060659,6/6/00,19:09   ,UNK,29.852,0.18,1.72
63,sc3-5 50-100    ,ta060660,6/6/00,19:15   ,UNK,29.564,0.06,0.39
64,sc3-5 50-100    ,ta060661,6/6/00,19:21   ,UNK,27.876,0.06,0.36
65,atrop-unk6      ,ta060662,6/6/00,19:27   ,UNK,2.309,4.87,71.12
66,sc4-1 10-30     ,ta060663,6/6/00,19:33   ,UNK,29.12,0.10,0.96
67,sc4-1 10-30     ,ta060664,6/6/00,19:39   ,UNK,25.502,0.10,0.93
68,st1-1 0-10      ,ta060665,6/6/00,19:45   ,UNK,29.959,0.51,5.08
69,st1-1 0-10      ,ta060666,6/6/00,19:51   ,UNK,29.923,0.59,5.81
70,st1-1 10-30     ,ta060667,6/6/00,19:58   ,UNK,27.439,0.19,2.20
71,st1-1 10-30     ,ta060668,6/6/00,20:04   ,UNK,30.084,0.20,2.31
72,st1-1 30-50     ,ta060669,6/6/00,20:10   ,UNK,28.382,0.00,0.00
73,st1-1 30-50     ,ta060670,6/6/00,20:16   ,UNK,30.202,0.12,1.39
74,st1-1 50-100    ,ta060671,6/6/00,20:22   ,UNK,27.443,0.06,0.32
75,st1-1 50-100    ,ta060672,6/6/00,20:28   ,UNK,28.944,0.00,0.00
76,atrop-unk7      ,ta060673,6/6/00,20:34   ,UNK,0.312,2.18,29.00
77,st1-2 0-10      ,ta060674,6/6/00,20:40   ,UNK,25.568,0.56,5.68
78,st1-2 0-10      ,ta060675,6/6/00,20:46   ,UNK,27.757,0.51,5.12
79,st1-2 10-30     ,ta060676,6/6/00,20:52   ,UNK,29.938,0.12,1.46
80,st1-2 10-30     ,ta060677,6/6/00,20:58   ,UNK,29.834,0.11,1.37
81,st1-2 30-50     ,ta060678,6/6/00,21:04   ,UNK,27.837,0.18,2.09
82,st1-2 30-50     ,ta060679,6/6/00,21:10   ,UNK,28.594,0.20,2.31
83,st1-2 50-100    ,ta060680,6/6/00,21:16   ,UNK,28.476,0.05,0.28
84,st1-2 50-100    ,ta060681,6/6/00,21:22   ,UNK,27.475,0.05,0.26
85,st1-3 0-10      ,ta060682,6/6/00,21:28   ,UNK,30.232,0.48,4.92
86,st1-3 0-10      ,ta060683,6/6/00,21:34   ,UNK,26.113,0.47,4.85
87,atrop-unk8      ,ta060684,6/6/00,21:40   ,UNK,3.227,0.00,0.00
1,Dummy           ,ta061801,6/18/00,09:38   ,By-Pass,,0.00,0.00
2,Blank           ,ta061802,6/18/00,09:44   ,Blank,,0.00,0.00
3,atrop-.4        ,ta061803,6/18/00,09:50   ,STD,0.351,4.84,70.56
4,atrop-1         ,ta061804,6/18/00,09:57   ,STD,0.973,4.84,70.56
5,atrop-2         ,ta061805,6/18/00,10:03   ,STD,2.092,4.84,70.56
6,atrop-3         ,ta061806,6/18/00,10:09   ,STD,3.062,4.84,70.56
7,atrop-unk1      ,ta061807,6/18/00,10:15   ,UNK,2.642,4.85,70.77
8,st1-3 10-30     ,ta061808,6/18/00,10:25   ,UNK,27.368,0.20,2.39
9,st1-3 10-30     ,ta061809,6/18/00,10:31   ,UNK,29.548,0.19,2.28
10,st1-3 30-50     ,ta061810,6/18/00,10:37   ,UNK,30.158,0.12,1.40
11,st1-3 30-50     ,ta061811,6/18/00,10:43   ,UNK,28.277,0.13,1.51
12,st1-3 50-100    ,ta061812,6/18/00,10:49   ,UNK,27.03,0.05,0.33
13,st1-3 50-100    ,ta061813,6/18/00,10:55   ,UNK,27.868,0.05,0.32
14,st1-4 0-10      ,ta061814,6/18/00,11:01   ,UNK,30.37,0.53,5.75
15,st1-4 0-10      ,ta061815,6/18/00,11:07   ,UNK,26.806,0.53,5.82
16,st1-4 10-30     ,ta061816,6/18/00,11:13   ,UNK,30.018,0.18,2.19
17,st1-4 10-30     ,ta061817,6/18/00,11:19   ,UNK,28.036,0.18,2.17
18,atrop-unk2      ,UA060618,6/18/00,11:25   ,UNK,0.581,4.82,71.30
19,st1-4 30-50     ,ta061819,6/18/00,11:33   ,UNK,28.594,0.09,1.18
20,st1-4 30-50     ,ta061820,6/18/00,11:39   ,UNK,29.489,0.09,1.24
21,st1-4 50-100    ,ta061821,6/18/00,11:45   ,UNK,29.37,0.05,0.56
22,st1-4 50-100    ,ta061822,6/18/00,11:51   ,UNK,28.856,0.05,0.56
23,st1-5 0-10      ,ta061823,6/18/00,11:57   ,UNK,30.021,0.45,4.74
24,st1-5 0-10      ,ta061824,6/18/00,12:03   ,UNK,27.359,0.41,4.36
25,st1-5 10-30     ,ta061825,6/18/00,12:09   ,UNK,28.384,0.19,2.33
26,st1-5 10-30     ,ta061826,6/18/00,12:15   ,UNK,28.737,0.18,2.28
27,st1-5 30-50     ,ta061827,6/18/00,12:21   ,UNK,27.273,0.13,1.66
28,st1-5 30-50     ,ta061828,6/18/00,12:27   ,UNK,28.621,0.13,1.64
29,atrop-unk3      ,ta061829,6/18/00,12:33   ,UNK,3.435,4.82,69.95
30,st1-5 50-100    ,ta061830,6/18/00,12:40   ,UNK,27.145,0.06,0.61
31,st1-5 50-100    ,ta061831,6/18/00,12:46   ,UNK,29.378,0.06,0.54
32,rw1-1 0-10      ,ta061832,6/18/00,12:52   ,UNK,29.115,0.25,2.87
33,rw1-1 0-10      ,ta061833,6/18/00,12:58   ,UNK,29.79,0.26,2.97
34,rw1-1 10-30     ,ta061834,6/18/00,13:04   ,UNK,28.542,0.20,2.24
35,rw1-1 10-30     ,ta061835,6/18/00,13:10   ,UNK,27.134,0.20,2.28
36,rw1-1 30-50     ,ta061836,6/18/00,13:16   ,UNK,29.426,0.19,1.75
37,rw1-1 30-50     ,ta061837,6/18/00,13:23   ,UNK,27.984,0.15,1.71
38,rw1-1 50-100    ,ta061838,6/18/00,13:29   ,UNK,29.781,0.10,1.05
39,rw1-1 50-100    ,ta061839,6/18/00,13:35   ,UNK,29.335,0.10,1.06
40,atrop-unk4      ,ta061840,6/18/00,13:41   ,UNK,0.536,4.57,69.02
41,rw1-2 0-10      ,ta061841,6/18/00,13:47   ,UNK,29.99,0.30,3.68
42,rw1-2 0-10      ,ta061842,6/18/00,13:53   ,UNK,28.624,0.28,3.36
43,rw1-2 10-30     ,ta061843,6/18/00,13:59   ,UNK,28.671,0.24,2.77
44,rw1-2 10-30     ,ta061844,6/18/00,14:05   ,UNK,26.106,0.25,2.81
45,rw1-2 30-50     ,ta061845,6/18/00,14:11   ,UNK,30.291,0.16,1.82
46,rw1-2 30-50     ,ta061846,6/18/00,14:17   ,UNK,30.096,0.16,1.84
47,rw1-2 50-100    ,ta061847,6/18/00,14:23   ,UNK,27.489,0.06,0.41
48,rw1-2 50-100    ,ta061848,6/18/00,14:29   ,UNK,30.11,0.06,0.42
49,rw1-3 0-10      ,ta061849,6/18/00,14:35   ,UNK,29.772,0.23,2.62
50,rw1-3 0-10      ,ta061850,6/18/00,14:41   ,UNK,26.556,0.23,2.63
51,atrop-unk5      ,ta061851,6/18/00,14:47   ,UNK,2.314,4.79,70.42
52,rw1-3 10-30     ,ta061852,6/18/00,14:53   ,UNK,29.884,0.19,2.23
53,rw1-3 10-30     ,ta061853,6/18/00,14:59   ,UNK,28.857,0.19,2.24
54,rw1-3 30-50     ,ta061854,6/18/00,15:05   ,UNK,26.612,0.12,1.37
55,rw1-3 30-50     ,ta061855,6/18/00,15:11   ,UNK,28.982,0.12,1.33
56,rw1-3 50-100    ,ta061856,6/18/00,15:17   ,UNK,26.432,0.04,0.28
57,rw1-3 50-100    ,ta061857,6/18/00,15:23   ,UNK,26.343,0.04,0.26
58,rw1-4 0-10      ,ta061858,6/18/00,15:29   ,UNK,26.045,0.27,3.27
59,rw1-4 0-10      ,ta061859,6/18/00,15:35   ,UNK,30.654,0.26,3.06
60,rw1-4 10-30     ,ta061860,6/18/00,15:41   ,UNK,25.562,0.25,2.80
61,rw1-4 10-30     ,ta061861,6/18/00,15:47   ,UNK,27.052,0.23,2.60
62,atrop-unk6      ,ta061862,6/18/00,15:53   ,UNK,1,4.73,71.18
63,rw1-4 30-50     ,ta061863,6/18/00,16:00   ,UNK,29.638,0.16,1.88
64,rw1-4 30-50     ,ta061864,6/18/00,16:06   ,UNK,28.109,0.16,1.87
65,rw1-4 50-100    ,ta061865,6/18/00,16:12   ,UNK,28.744,0.05,0.49
66,rw1-4 50-100    ,ta061866,6/18/00,16:18   ,UNK,30.166,0.05,0.48
67,rw1-5 0-10      ,ta061867,6/18/00,16:24   ,UNK,28.786,0.27,3.13
68,rw1-5 0-10      ,ta061868,6/18/00,16:30   ,UNK,28.374,0.26,3.00
69,rw1-5 10-30     ,ta061869,6/18/00,16:36   ,UNK,26.305,0.21,2.42
70,rw1-5 10-30     ,ta061870,6/18/00,16:42   ,UNK,29.825,0.21,2.41
71,rw1-5 30-50     ,ta061871,6/18/00,16:48   ,UNK,28.624,0.11,1.27
72,rw1-5 30-50     ,ta061872,6/18/00,16:54   ,UNK,29.665,0.11,1.26
73,atrop-unk7      ,ta061873,6/18/00,17:00   ,UNK,2.211,4.77,70.42
74,rw1-5 50-100    ,ta061874,6/18/00,17:06   ,UNK,27.301,0.10,1.05
75,rw1-5 50-100    ,ta061875,6/18/00,17:12   ,UNK,27.907,0.10,1.08
76,gi1-1 0-10      ,ta061876,6/18/00,17:18   ,UNK,27.757,0.47,5.08
77,gi1-1 0-10      ,ta061877,6/18/00,17:24   ,UNK,29.192,0.00,0.00
78,gi1-1 10-30     ,ta061878,6/18/00,17:30   ,UNK,29.308,0.66,7.22
79,gi1-1 10-30     ,ta061879,6/18/00,17:36   ,UNK,30.06,0.16,1.94
80,gi1-1 30-50     ,ta061880,6/18/00,17:42   ,UNK,26.905,0.09,0.88
81,gi1-1 30-50     ,ta061881,6/18/00,17:48   ,UNK,27.146,0.09,0.93
82,gi1-1 50-100    ,ta061882,6/18/00,17:54   ,UNK,29.77,0.04,0.21
83,gi1-1 50-100    ,ta061883,6/18/00,18:00   ,UNK,27.436,0.04,0.23
84,atrop-unk8      ,ta061884,6/18/00,18:06   ,UNK,1.019,4.68,70.69
1,dummy           ,ta070301,7/3/00,12:33   ,By-Pass,,0.00,0.00
2,blank           ,ta070302,7/3/00,12:39   ,Blank,,0.00,0.00
3,atro-0.4        ,ta070303,7/3/00,12:45   ,STD,0.428,4.84,70.56
4,atro-1.0        ,ta070304,7/3/00,12:51   ,STD,1.138,4.84,70.56
5,atro-2.0        ,ta070305,7/3/00,12:57   ,STD,2.017,4.84,70.56
6,atro-3.0        ,ta070306,7/3/00,13:03   ,STD,3.077,4.84,70.56
7,atro-unk        ,ta070307,7/3/00,13:10   ,UNK,3.413,4.84,70.28
8,gi1-2 0-10      ,ta070308,7/3/00,13:19   ,UNK,29.461,0.66,6.88
9,gi1-2 0-10      ,ta070309,7/3/00,13:25   ,UNK,28.197,0.63,6.55
10,gi1-2 10-30     ,ta070310,7/3/00,13:31   ,UNK,27.516,0.20,2.40
11,gi1-2 10-30     ,ta070311,7/3/00,13:37   ,UNK,28.828,0.19,2.40
12,gi1-2 30-50     ,ta070312,7/3/00,13:43   ,UNK,30.006,0.14,1.62
13,gi1-2 30-50     ,ta070313,7/3/00,13:49   ,UNK,28.18,0.13,1.57
14,gi1-2 50-100    ,ta070314,7/3/00,13:55   ,UNK,29.626,0.07,0.32
15,gi1-2 50-100    ,ta070315,7/3/00,14:02   ,UNK,28.472,0.07,0.35
16,gi1-3 0-10      ,ta070316,7/3/00,14:08   ,UNK,26.678,0.59,6.13
17,gi1-3 0-10      ,ta070317,7/3/00,14:14   ,UNK,29.455,0.63,6.58
18,atro-unk        ,ta070318,7/3/00,14:20   ,UNK,0.697,6.24,90.94
19,gi1-3 10-30     ,ta070319,7/3/00,14:26   ,UNK,26.279,0.25,2.89
20,gi1-3 10-30     ,ta070320,7/3/00,14:32   ,UNK,29.651,0.22,2.62
21,gi1-3 30-50     ,ta070321,7/3/00,14:38   ,UNK,29.074,0.14,1.59
22,gi1-3 30-50     ,ta070322,7/3/00,14:44   ,UNK,29.818,0.16,1.77
23,gi1-3 50-100    ,ta070323,7/3/00,14:50   ,UNK,29.729,0.07,0.41
24,gi1-3 50-100    ,ta070324,7/3/00,14:56   ,UNK,28.723,0.07,0.42
25,sc3-3 30-50     ,ta070325,7/3/00,15:02   ,UNK,29.02,0.07,0.63
26,sc3-3 30-50     ,ta070326,7/3/00,15:08   ,UNK,29.711,0.07,0.59
27,sc3-3 50-100    ,ta070327,7/3/00,15:14   ,UNK,26.685,0.05,0.31
28,sc3-3 50-100    ,ta070328,7/3/00,15:20   ,UNK,29.583,0.05,0.29
29,atro-unk        ,ta070329,7/3/00,15:26   ,UNK,1.969,4.88,71.56
30,sc3-4 0-10      ,ta070330,7/3/00,15:32   ,UNK,27.269,0.45,4.79
31,sc3-4 0-10      ,ta070331,7/3/00,15:38   ,UNK,29.296,0.59,6.61
32,sc3-4 10-30     ,ta070332,7/3/00,15:44   ,UNK,29.576,0.22,2.22
33,sc3-4 10-30     ,ta070333,7/3/00,15:50   ,UNK,28.154,0.23,2.36
34,sc3-4 30-50     ,ta070334,7/3/00,15:56   ,UNK,29.699,0.00,0.00
35,sc3-4 30-50     ,ta070335,7/3/00,16:02   ,UNK,26.366,0.08,0.68
36,sc4-2 30-50     ,ta070336,7/3/00,16:08   ,UNK,29.719,0.14,1.49
37,sc4-3 0-10      ,ta070337,7/3/00,16:14   ,UNK,26.59,0.00,0.00
38,sc4-4 30-50     ,ta070338,7/3/00,16:20   ,UNK,29.823,0.07,0.60
39,sc4-5 0-10      ,ta070339,7/3/00,16:27   ,UNK,25.359,0.60,6.19
40,atro-unk        ,ta070340,7/3/00,16:33   ,UNK,3.378,4.95,71.85
41,sc3-2 0-10      ,ta070341,7/3/00,16:39   ,UNK,29.419,0.53,6.13
42,sc3-3 0-10      ,ta070342,7/3/00,16:45   ,UNK,26.294,0.47,5.08
43,st1-1 30-50     ,ta070343,7/3/00,16:51   ,UNK,28.382,0.13,1.58
44,st1-1 50-100    ,ta070344,7/3/00,16:57   ,UNK,28.944,0.07,0.39
45,gi1-4 0-10      ,ta070345,7/3/00,17:03   ,UNK,29.965,0.68,7.03
46,gi1-4 0-10      ,ta070346,7/3/00,17:09   ,UNK,28.062,0.66,6.76
47,gi1-4 10-30     ,ta070347,7/3/00,17:15   ,UNK,26.175,0.24,2.70
48,gi1-4 10-30     ,ta070348,7/3/00,17:21   ,UNK,28.489,0.24,2.72
49,gi1-4 30-50     ,ta070349,7/3/00,17:27   ,UNK,26.441,0.15,1.66
50,gi1-4 30-50     ,ta070350,7/3/00,17:33   ,UNK,26.56,0.15,1.69
51,atro-unk        ,ta070351,7/3/00,17:39   ,UNK,1.318,4.96,73.11
1,dummy           ,ta071001,7/10/00,11:19   ,By-Pass,,0.00,0.00
2,blank           ,ta071002,7/10/00,11:26   ,Blank,,0.00,0.00
3,atro-0.4        ,ta071003,7/10/00,11:32   ,STD,0.438,4.84,70.56
4,atro-1.0        ,ta071004,7/10/00,11:38   ,STD,0.981,4.84,70.56
5,atro-2.0        ,ta071005,7/10/00,11:44   ,STD,2.06,4.84,70.56
6,atro-3.0        ,ta071006,7/10/00,11:50   ,STD,3.011,4.84,70.56
7,atro-unk        ,ta071007,7/10/00,11:56   ,UNK,2.616,4.83,70.44
8,wc2-3 30-50     ,ta071008,7/10/00,12:05   ,UNK,27.122,0.10,0.98
9,wc2-3 30-50     ,ta071009,7/10/00,12:11   ,UNK,26.818,0.11,1.04
10,wc2-3 50-100    ,ta071010,7/10/00,12:18   ,UNK,26.21,0.06,0.36
11,wc2-3 50-100    ,ta071011,7/10/00,12:24   ,UNK,29.55,0.06,0.38
12,wc2-4 0-10      ,ta071012,7/10/00,12:30   ,UNK,28.447,0.34,3.64
13,wc2-4 0-10      ,ta071013,7/10/00,12:36   ,UNK,26.833,0.34,3.67
14,wc2-4 10-30     ,ta071014,7/10/00,12:42   ,UNK,27.188,0.21,2.24
15,wc2-4 10-30     ,ta071015,7/10/00,12:48   ,UNK,28.548,0.18,2.01
16,wc2-4 30-50     ,ta071016,7/10/00,12:54   ,UNK,30.372,0.13,1.26
17,wc2-4 30-50     ,ta071017,7/10/00,13:00   ,UNK,28.255,0.12,1.21
18,atro-unk        ,ta071018,7/10/00,13:06   ,UNK,0.703,4.65,70.02
19,wc2-5 0-10      ,ta071019,7/10/00,13:12   ,UNK,30.363,0.28,3.02
20,wc2-5 0-10      ,ta071020,7/10/00,13:18   ,UNK,30.274,0.30,3.35
21,wc2-4 50-100    ,ta071021,7/10/00,13:24   ,UNK,28.38,0.08,0.64
22,wc2-4 50-100    ,ta071022,7/10/00,13:30   ,UNK,26.861,0.08,0.65
23,wc2-5 10-30     ,ta071023,7/10/00,13:36   ,UNK,26.297,0.17,1.91
24,wc2-5 10-30     ,ta071024,7/10/00,13:42   ,UNK,29.196,0.17,1.79
25,wc2-5 30-50     ,ta071025,7/10/00,13:48   ,UNK,29.084,0.08,0.66
26,wc2-5 30-50     ,ta071026,7/10/00,13:54   ,UNK,29.044,0.08,0.67
27,wc2-5 50-100    ,ta071027,7/10/00,14:00   ,UNK,27.08,0.05,0.42
28,wc2-5 50-100    ,ta071028,7/10/00,14:06   ,UNK,26.098,0.05,0.42
29,atro-unk        ,ta071029,7/10/00,14:12   ,UNK,3.128,4.77,69.36
30,tg1-1 0-10      ,ta071030,7/10/00,14:18   ,UNK,25.666,0.39,4.22
31,tg1-1 0-10      ,ta071031,7/10/00,14:24   ,UNK,25.891,0.40,4.44
32,tg1-1 10-30     ,ta071032,7/10/00,14:30   ,UNK,28.549,0.17,1.73
33,tg1-1 10-30     ,ta071033,7/10/00,14:36   ,UNK,27.439,0.17,1.77
34,tg1-1 30-50     ,ta071034,7/10/00,14:43   ,UNK,25.746,0.10,0.78
35,tg1-1 30-50     ,ta071035,7/10/00,14:49   ,UNK,28.832,0.10,0.86
36,tg1-1 50-100    ,ta071036,7/10/00,14:55   ,UNK,28.985,0.06,0.34
37,tg1-1 50-100    ,ta071037,7/10/00,15:01   ,UNK,25.92,0.07,0.37
38,tg1-2 0-10      ,ta071038,7/10/00,15:07   ,UNK,28.993,0.43,4.78
39,tg1-2 0-10      ,ta071039,7/10/00,15:13   ,UNK,28.38,0.37,4.01
40,atro-unk        ,ta071040,7/10/00,15:19   ,UNK,1.41,4.68,69.79
41,tg1-2 10-30     ,ta071041,7/10/00,15:25   ,UNK,29.381,0.16,1.66
42,tg1-2 10-30     ,ta071042,7/10/00,15:31   ,UNK,27.949,0.17,1.71
43,tg1-2 30-50     ,ta071043,7/10/00,15:37   ,UNK,28.272,0.10,0.84
44,tg1-2 30-50     ,ta071044,7/10/00,15:43   ,UNK,30.38,0.10,0.84
45,tg1-2 50-100    ,ta071045,7/10/00,15:49   ,UNK,28.587,0.06,0.36
46,tg1-2 50-100    ,ta071046,7/10/00,15:55   ,UNK,29.21,0.05,0.32
47,tg1-3 0-10      ,ta071047,7/10/00,16:02   ,UNK,29.542,0.32,3.47
48,tg1-3 0-10      ,ta071048,7/10/00,16:08   ,UNK,27.749,0.31,3.43
49,tg1-3 10-30     ,ta071049,7/10/00,16:14   ,UNK,25.558,0.22,2.26
50,tg1-3 10-30     ,ta071050,7/10/00,16:20   ,UNK,27.81,0.23,2.42
51,atro-unk        ,ta071051,7/10/00,16:26   ,UNK,3.02,4.76,69.40
52,tg1-3 30-50     ,ta071052,7/10/00,16:32   ,UNK,29.092,0.20,2.03
53,tg1-3 30-10     ,ta071053,7/10/00,16:38   ,UNK,27.798,0.18,1.84
54,tg1-3 50-100    ,ta071054,7/10/00,16:44   ,UNK,25.894,0.15,1.52
55,tg1-3 50-100    ,ta071055,7/10/00,16:50   ,UNK,26.449,0.15,1.59
56,tg1-4 0-10      ,ta071056,7/10/00,16:56   ,UNK,28.798,0.33,3.60
57,tg1-4 0-10      ,ta071057,7/10/00,17:02   ,UNK,29.694,0.37,4.19
58,tg1-4 10-30     ,ta071058,7/10/00,17:08   ,UNK,28.997,0.21,2.23
59,tg1-4 10-30     ,ta071059,7/10/00,17:14   ,UNK,27.254,0.20,2.08
60,tg1-4 30-50     ,ta071060,7/10/00,17:20   ,UNK,25.629,0.17,1.74
61,tg1-4 30-50     ,ta071061,7/10/00,17:26   ,UNK,29.72,0.16,1.68
62,atro-unk        ,ta071062,7/10/00,17:32   ,UNK,1.286,4.64,69.78
63,tg1-4 50-100    ,ta071063,7/10/00,17:38   ,UNK,29.758,0.05,0.32
64,tg1-4 50-100    ,ta071064,7/10/00,17:44   ,UNK,27.898,0.05,0.33
65,tg1-5 0-10      ,ta071065,7/10/00,17:50   ,UNK,26.808,0.27,3.01
66,tg1-5 0-10      ,ta071066,7/10/00,17:57   ,UNK,30.155,0.27,2.99
67,tg1-5 10-30     ,ta071067,7/10/00,18:03   ,UNK,27.324,0.24,2.55
68,tg1-5 10-30     ,ta071068,7/10/00,18:09   ,UNK,27.759,0.23,2.57
69,tg1-5 30-50     ,ta071069,7/10/00,18:15   ,UNK,27.481,0.15,1.57
70,tg1-5 30-50     ,ta071070,7/10/00,18:21   ,UNK,29.818,0.16,1.71
71,tg1-5 50-100    ,ta071071,7/10/00,18:27   ,UNK,29.663,0.03,0.24
72,tg1-5 50-100    ,ta071072,7/10/00,18:33   ,UNK,29.835,0.04,0.33
73,atro-unk        ,ta071073,7/10/00,18:39   ,UNK,0.508,4.44,69.15
74,tg2-1 0-10      ,ta071074,7/10/00,18:45   ,UNK,28.398,0.24,2.67
75,tg2-1 0-10      ,ta071075,7/10/00,18:51   ,UNK,25.566,0.26,2.93
76,tg2-1 10-30     ,ta071076,7/10/00,18:57   ,UNK,30.178,0.12,1.20
77,tg2-1 10-30     ,ta071077,7/10/00,19:03   ,UNK,27.982,0.13,1.38
78,tg2-1 30-50     ,ta071078,7/10/00,19:09   ,UNK,28.499,0.09,0.59
79,tg2-1 30-50     ,ta071079,7/10/00,19:15   ,UNK,26.892,0.08,0.56
80,tg2-1 50-100    ,ta071080,7/10/00,19:21   ,UNK,30.531,0.18,0.12
81,tg2-1 50-100    ,ta071081,7/10/00,19:27   ,UNK,27.36,0.19,0.11
82,tg2-2 0-10      ,ta071082,7/10/00,19:33   ,UNK,27.337,0.30,3.38
83,tg2-2 0-10      ,ta071083,7/10/00,19:39   ,UNK,26.483,0.30,3.37
84,atro-unk        ,ta071084,7/10/00,19:45   ,UNK,3.25,4.74,69.11